review_id,fields,review_text,enricher_topic,enricher_intent,enricher_severity,verifier_topic,verifier_intent,verifier_severity,enricher_confidences
0007c590-7eb0-4d37-8eba-2c0299d5d041,topic,Trash It won't let me click a song and just play that song,usability,complaint,4,playback,complaint,4,"{""topic"": 0.69, ""intent"": 1.0, ""severity"": 0.57, ""sentiment"": 0.92}"
00696e9f-b477-467e-b0b0-bd9d5f169d78,topic|intent,"Since the last update, this app has been nothing but glitchy. I used to be able to keep it offline with my downloaded playlists and the app would remember last song played and continue when started again. Since the update, it no longer does this. I must open the app & choose the playlist each time. ",downloads,cancellation,3,playback,complaint,3,"{""topic"": 0.51, ""intent"": 0.46, ""severity"": 0.42, ""sentiment"": 0.87, ""quote"": 0.32}"
00c9729b-f3d4-4593-a908-ba94c12257d5,topic,The only thing I hate about this app is the fact that it keeps interupting the playlists with ads regarding the spotify premium. I would rate it better if there were no ad interruption without having to get premium,billing,complaint,2,usability,complaint,2,"{""topic"": 0.53, ""intent"": 0.65, ""severity"": 0.55, ""sentiment"": 0.81, ""quote"": 0.98}"
01807169-0f40-4bf0-a221-7bf2687b8224,intent|severity,Ekdam wahiyat new update,other,complaint,2,other,praise,1,"{""topic"": 0.97, ""intent"": 0.91, ""severity"": 0.85, ""sentiment"": 0.24}"
01f4268e-dfc0-4786-b443-4e2ca3ff6d5a,topic,Great app to listen to music and easy to use.,usability,praise,1,other,praise,1,"{""topic"": 0.74, ""intent"": 1.0, ""severity"": 1.0, ""sentiment"": 0.93}"
02219957-3be7-462b-a71d-0e1f8ca2a5f4,topic,Easy to use 5stars,usability,praise,1,other,praise,1,"{""topic"": 0.71, ""intent"": 1.0, ""severity"": 1.0, ""sentiment"": 0.65}"
024167d7-aab6-42c3-b94b-57ea51822ad8,severity,I deleted spotify.I hate this app.I hate swedon.I love Islam.I love Quran.Where is Muslim.,other,cancellation,2,other,cancellation,1,"{""topic"": 0.94, ""intent"": 0.97, ""severity"": 0.76, ""sentiment"": 0.98}"
02922e79-d6b8-4bb5-90be-c41584d331a2,topic|severity,I've using Spotify since 2 years and this glitches are happening like I can't back the song or see the lyrics,usability,complaint,3,playback,complaint,4,"{""topic"": 0.54, ""intent"": 1.0, ""severity"": 0.59, ""sentiment"": 0.97}"
0395dbed-b5be-4083-83a1-3545fe44f5c0,topic,Bro this app would be fine if it didn't take random garbo garbo songs and just play them in the middle of a different playlist,usability,complaint,2,playback,complaint,2,"{""topic"": 0.43, ""intent"": 0.95, ""severity"": 0.55, ""sentiment"": 0.91}"
03b86344-0e24-41a9-b3a2-2524a696113e,topic,liked it better when it would show new releases at the top. now I don't see them until way later and it upsets me. dont change good things,usability,complaint,2,catalog,complaint,2,"{""topic"": 0.82, ""intent"": 0.82, ""severity"": 0.68, ""sentiment"": 0.79}"
03d043d6-907a-42cd-aede-98f3bb4f98b8,intent,I am once again asking you. Please don't sign me out without my consent!,access,request,3,access,complaint,3,"{""topic"": 0.99, ""intent"": 0.8, ""severity"": 0.42, ""sentiment"": 0.92}"
03dfa432-6710-44f0-aa7c-223ccd88fb09,topic|severity,The sleep timer is no longer working after most recent update.,usability,complaint,3,playback,complaint,4,"{""topic"": 0.79, ""intent"": 1.0, ""severity"": 0.4, ""sentiment"": 0.97}"
04995e39-65b2-43d0-a38a-8e55a85bda1d,severity,"First of all, when I found out about this app, I instantly installed it. It was kinda good until there's two problems with the app here: 1. When you're listening to an album or a single, it gets out of control and randomly plays another single/track from another album of another artist, which is a s",playback,cancellation,4,playback,cancellation,3,"{""topic"": 0.9, ""intent"": 0.62, ""severity"": 0.4, ""sentiment"": 0.86, ""quote"": 0.96}"
04b1c0e4-328e-485a-82fe-43ad0be17491,severity,Bikharii ki olad,other,unclear,2,other,unclear,1,"{""topic"": 0.95, ""intent"": 0.61, ""severity"": 0.45, ""sentiment"": 0.88}"
04b4fb47-e6cf-41db-8814-d27219f120a3,severity,We don't all have bank accounts for premium. NOT OUR FAULT. At least create a physical account so we can deposit cash with reference to our email or OTP or something..,billing,request,2,billing,request,3,"{""topic"": 0.98, ""intent"": 0.73, ""severity"": 0.18, ""sentiment"": 0.82}"
04d9b9b9-5209-43c9-ba71-0010fa49f8d7,severity,This app be like you can choose song to play tomorrow . What use is it of then if you can't play song accorrding to your choice .,usability,complaint,3,usability,complaint,4,"{""topic"": 0.71, ""intent"": 0.81, ""severity"": 0.69, ""sentiment"": 0.93}"
05daffb2-04db-4adf-9673-87953d3fd354,intent,"Don't like new updates otherwise it is best music app. I want to shuffle songs, repeat and add songs in queue without premium subscription as it was earlier.",billing,request,3,billing,complaint,3,"{""topic"": 0.66, ""intent"": 0.42, ""severity"": 0.89, ""sentiment"": 0.79}"
05e79270-f19a-4d2e-a66b-f39a443a79b7,severity,This is such a nice app but I have a problem that the Hindi songs have Hindi lyrics not English,catalog,complaint,3,catalog,complaint,2,"{""topic"": 1.0, ""intent"": 0.82, ""severity"": 0.49, ""sentiment"": 0.92}"
06c3e9d2-f617-4dc5-84b6-ab7319c37f84,intent,Can no longer acces my podcasts. Please fix!,catalog,request,4,catalog,complaint,4,"{""topic"": 0.51, ""intent"": 0.39, ""severity"": 0.96, ""sentiment"": 0.94}"
072a6e9d-9ef5-400c-8294-f63446675a69,topic,I can preview playlists and songs again which makes listening to the music you want to way easier.,usability,praise,1,playback,praise,1,"{""topic"": 0.63, ""intent"": 1.0, ""severity"": 0.99, ""sentiment"": 0.94}"
074662c0-a55b-4d09-84e7-77f61e14c461,intent,Best free song playing app ever 😶😶 thank you so much Spotify we hate u more 😏,other,complaint,1,other,praise,1,"{""topic"": 0.42, ""intent"": 0.55, ""severity"": 0.45, ""sentiment"": 0.14}"
07683ddc-a7ed-4b0e-b1a5-28c881163ba0,severity,"Cannot dismiss playback notification! Ever since a recent update, I haven't been able to dismissed the playback notification when music is paused. I don't use the new android 11 playback persistent notification so it must be a bug in the app, because my phone hasn't gotten any updates before that",usability,complaint,2,usability,complaint,3,"{""topic"": 0.99, ""intent"": 0.92, ""severity"": 0.47, ""sentiment"": 0.97, ""quote"": 0.73}"
077c15ac-2286-4066-93ad-77ece1990d34,topic,Easy to listen to what I want,usability,praise,1,other,praise,1,"{""topic"": 0.61, ""intent"": 1.0, ""severity"": 1.0, ""sentiment"": 0.97}"
086afc55-8354-4e2b-9f70-272e21ba75e9,topic|severity,Its nice but i can't adjust the song and it has alot of ads i love the app but sometimes it irritates me to have to listen to na ads every figging song the ads and the adjustment of the of and don't get me started with the shuffle ohhh i hate that thank you same figging ads every figging song,usability,complaint,2,playback,complaint,3,"{""topic"": 0.95, ""intent"": 1.0, ""severity"": 0.36, ""sentiment"": 0.58}"
0874f968-2149-4b3b-b656-a25cafab0c32,topic,No commercials and loving it,usability,praise,1,other,praise,1,"{""topic"": 0.78, ""intent"": 1.0, ""severity"": 1.0, ""sentiment"": 0.82}"
08a8c86d-0125-4820-8d99-b97092fc36ad,topic,They have music,other,unclear,1,catalog,unclear,1,"{""topic"": 0.45, ""intent"": 0.61, ""severity"": 1.0, ""sentiment"": 0.9}"
08aa7de8-5d2f-4848-aba4-7d756a0ad4e6,intent,Last update did something so I can't see my queue anymore. Please fix it.,usability,complaint,3,usability,request,3,"{""topic"": 1.0, ""intent"": 0.45, ""severity"": 0.6, ""sentiment"": 0.98}"
08c63551-0bc6-40d6-8329-bd574f1fd87e,topic,Best app for music nice support for developers for any issue but there's only one fault that is sometimes add comes very frequently other than that everything is nice,playback,complaint,2,usability,complaint,2,"{""topic"": 0.23, ""intent"": 0.84, ""severity"": 0.79, ""sentiment"": 0.85}"
095563b3-a314-4480-bf65-79e0187170b9,severity,"I only give one star because zero stars is not an option. Everything that add is annoying. If I pay a monthly fee, why are there pop up ads? The personal DJ, the enhanced shuffle and all the add ons suck.",billing,complaint,3,billing,complaint,2,"{""topic"": 0.61, ""intent"": 1.0, ""severity"": 0.44, ""sentiment"": 0.83, ""quote"": 0.79}"
0961ad76-4a2d-449f-98a9-357bf8b68d0b,severity,"I loved Spotify, but removing even basic features... You've ruined our experience, stop this, don't ruin yourself",usability,complaint,2,usability,complaint,3,"{""topic"": 0.53, ""intent"": 0.95, ""severity"": 0.36, ""sentiment"": 0.74}"
0984ce1d-a637-467b-b727-0251691cf613,topic,Such a worst app to hear music....they can add ads but not only ads...... And now I cant rewind old song ... I want to go for premium.... Do the users like u look dumb to you ???? Now one star take it,billing,complaint,3,usability,complaint,3,"{""topic"": 0.41, ""intent"": 0.79, ""severity"": 0.5, ""sentiment"": 0.93}"
09a75e76-bef5-4881-af1f-260677a0f9cd,intent,I m not able to see my liked songs in my spotify how to solve the issue,catalog,request,4,catalog,complaint,4,"{""topic"": 0.35, ""intent"": 0.47, ""severity"": 0.69, ""sentiment"": 0.93}"
09be5868-a942-45f8-b372-298d3c877eeb,intent|severity,"I heat you,😈👿😡",other,complaint,2,other,unclear,1,"{""topic"": 1.0, ""intent"": 0.85, ""severity"": 0.85, ""sentiment"": 0.93}"
09dd2431-7099-4950-9bda-ed7c6b102f59,topic,"I've enjoyed being a premium subscriber for years. I use it 90% of the time with external Alexa devices. But with the last update, the app has become WORSE THAN USELESS IF YOU USE IT WITH EXTERNAL DEVICES. Volume control is now beyond broken. Trying to lower the volume via phone will now instantly s",usability,complaint,4,playback,complaint,4,"{""topic"": 0.81, ""intent"": 1.0, ""severity"": 0.75, ""sentiment"": 0.98, ""quote"": 0.81}"
09fbab54-da0c-4d59-a37a-582f5440fb1b,topic|severity,"The play bar keeps disappearing. Only restarting the phone fixes it, but then it disappears again. This problem has been known for 2 months and still not fixed",usability,complaint,3,playback,complaint,4,"{""topic"": 0.82, ""intent"": 0.95, ""severity"": 0.64, ""sentiment"": 0.84}"
0a8e573c-00dc-412b-aec2-afd7ae4f423b,topic,Love having Spotify on my Android Wear,usability,praise,1,other,praise,1,"{""topic"": 0.46, ""intent"": 1.0, ""severity"": 1.0, ""sentiment"": 0.68}"
0b20868f-0be2-4ee1-92d9-e9380cdc25bf,severity,I don't want primium,billing,complaint,2,billing,complaint,1,"{""topic"": 0.84, ""intent"": 0.7, ""severity"": 0.52, ""sentiment"": 0.89}"
0bbbb746-4255-41b0-9dba-96609fc1ac40,severity,You are sht,other,complaint,2,other,complaint,1,"{""topic"": 1.0, ""intent"": 0.7, ""severity"": 0.87, ""sentiment"": 0.85}"
0bc6ab16-3e57-47c7-8edc-31f655fd6135,topic,Love this app been using its for years. If it had no ads after it said 30min ad free it would be great. Still love this app alot ❤️,billing,complaint,2,usability,complaint,2,"{""topic"": 0.58, ""intent"": 0.26, ""severity"": 0.66, ""sentiment"": 0.84}"
0c4b8eba-da1a-4736-9d73-29693928cf1e,topic,"I like spotify a lot, but I hate that it won't play the right music, it always randomized it and it doesn't even play the songs on my Playlist, I'm considering deleting it because of this, otherwise it amazing.",playback,cancellation,3,catalog,cancellation,3,"{""topic"": 0.52, ""intent"": 0.76, ""severity"": 0.47, ""sentiment"": 0.89}"
0ca0bcf9-c7ed-4c35-9d39-edba7eec8ea0,topic,"Don't install install ganna (in india ) or apple music whatever but NOT spotify 🤮🤮🤮🤮worst app you cannot go to a specific part , ads ads , playlist is just no it :( 😞",usability,complaint,3,billing,complaint,3,"{""topic"": 0.91, ""intent"": 0.75, ""severity"": 0.64, ""sentiment"": 0.97}"
0cd50e2c-faa8-4ba4-8c02-22d5f64d4c3a,topic,Great app. Casting to my smart devices works great too 👍,usability,praise,1,other,praise,1,"{""topic"": 0.65, ""intent"": 1.0, ""severity"": 1.0, ""sentiment"": 0.59}"
0d0610c5-9735-48f7-b00d-80fbd6dd9523,severity,The worst app I've ever used in my life. Doesn't work properly. The company doesn't care about the people they just want to play ads and trouble everyone and make life worse.,other,complaint,2,other,complaint,3,"{""topic"": 0.55, ""intent"": 1.0, ""severity"": 0.24, ""sentiment"": 0.99}"
0d16c260-14ab-4b43-b702-2f2009e83e02,intent,Remove this app everyone,other,complaint,2,other,cancellation,2,"{""topic"": 0.99, ""intent"": 0.36, ""severity"": 0.84, ""sentiment"": 0.9}"
0d63cdf3-4160-41ea-9bb9-d11c52a5acbe,intent,This is the best music app ever 😏👌but the only problem is that there are ads 😢but still the best ☺❤,usability,praise,2,usability,complaint,2,"{""topic"": 0.83, ""intent"": 0.42, ""severity"": 0.99, ""sentiment"": 0.81}"
0e0fa0d7-6657-46a0-ad05-698c756a9ce2,severity,Stupid app swidden product if you burn our quran then take 1 star,other,complaint,2,other,complaint,1,"{""topic"": 1.0, ""intent"": 0.95, ""severity"": 0.69, ""sentiment"": 0.94}"
0e28a962-1e06-4e4f-b47d-e9b350d5c72e,topic,"Excepting ads, the only mark is that few songs were deleted misteresly excluding above defaults Spotify was a 10 on 10.",catalog,complaint,3,downloads,complaint,3,"{""topic"": 0.86, ""intent"": 0.75, ""severity"": 0.56, ""sentiment"": 0.56}"
0e3082d2-4e35-4959-a86a-e15ab08fa172,topic,Dose not work anymore,playback,complaint,4,other,complaint,4,"{""topic"": 0.66, ""intent"": 0.97, ""severity"": 0.95, ""sentiment"": 0.71}"
0e471a98-a63e-457e-8bd2-8c9ea01bc487,severity,Spotify is honestly great. I don't have any complains. Just that some songs are not available in spotify :(,catalog,complaint,2,catalog,complaint,3,"{""topic"": 1.0, ""intent"": 0.6, ""severity"": 0.34, ""sentiment"": 0.71}"
0e63739b-7b7a-4012-8beb-aaab8c3edb6b,topic|severity,Bakwaas can't even listen favorite part,billing,complaint,3,playback,complaint,4,"{""topic"": 0.76, ""intent"": 0.97, ""severity"": 0.59, ""sentiment"": 0.74}"
0e795f77-e4e7-4c96-88be-3801c527e245,intent|severity,"The daily and weekly mixes are just a bore...always playing the same musics. A band has countless of songs, why always the same one are on rotation. Interesting app to have music all the time, but one could be suggested new things more flawlessly, if pressing ""like"" in one song, suggest different so",catalog,request,2,catalog,complaint,3,"{""topic"": 0.98, ""intent"": 0.4, ""severity"": 0.69, ""sentiment"": 0.73, ""quote"": 0.51}"
0ef02fd5-2e05-464a-9e09-a2a2b84e9d9c,intent,Doo doo update dont update yall,other,unclear,1,other,request,1,"{""topic"": 0.99, ""intent"": 0.55, ""severity"": 0.75, ""sentiment"": 0.6}"
0f11307f-54d3-43f8-acc0-c54d834f1a60,topic,New update literally ruined it,other,complaint,2,usability,complaint,2,"{""topic"": 0.92, ""intent"": 1.0, ""severity"": 0.81, ""sentiment"": 0.77}"
0f1f82a4-f5e6-405c-839c-744010fce6bc,topic,Just great selection,other,praise,1,catalog,praise,1,"{""topic"": 0.5, ""intent"": 1.0, ""severity"": 1.0, ""sentiment"": 0.96}"
0f368922-8fea-41b9-b4ea-9787ca09c02e,topic,Many songs have been vanished,downloads,complaint,4,catalog,complaint,4,"{""topic"": 0.86, ""intent"": 1.0, ""severity"": 0.69, ""sentiment"": 0.93}"
0f52e4ae-3a9b-44cd-bd7d-8a31537bb8be,intent,Best but reduce the ads they are getting more n more these days,usability,request,2,usability,complaint,2,"{""topic"": 0.9, ""intent"": 0.6, ""severity"": 0.91, ""sentiment"": 0.71}"
0f5e9c29-eb14-451e-a0a7-28d59de93d5a,severity,I hate this app I live Quran and hazrat my hammad,other,complaint,2,other,complaint,1,"{""topic"": 1.0, ""intent"": 0.95, ""severity"": 0.91, ""sentiment"": 0.81}"
0fb5caa9-6d05-48a4-93fb-3ac522c316b5,topic,I love this app but I keep having the same issue where me and my father make a plan together but when we pay the bill I get kicked off the plan this is the thrid time I had this issue and I'm not paying for another premium cause I'm always paying to start again,billing,complaint,4,access,complaint,4,"{""topic"": 0.67, ""intent"": 0.91, ""severity"": 0.34, ""sentiment"": 0.87}"
0fc107eb-86c0-4d84-9869-ddaf23cf9d9a,intent,fire app,other,unclear,1,other,praise,1,"{""topic"": 0.97, ""intent"": 0.26, ""severity"": 0.73, ""sentiment"": 0.0}"
0fe1aea3-cde8-443d-9241-da25faa0bf69,topic,Se debe mejorar el modo aleatorio... Y se debería ofrecer música en verdadera alta calidad,playback,request,2,usability,request,2,"{""topic"": 0.53, ""intent"": 0.86, ""severity"": 0.59, ""sentiment"": 0.62}"
101431ef-ba46-43e7-adbc-600551022bb5,topic,😑after updating the spotify This has become the worst music app,other,complaint,2,usability,complaint,2,"{""topic"": 0.92, ""intent"": 1.0, ""severity"": 0.95, ""sentiment"": 0.76}"
101f66ad-6567-4569-80d6-5779659c1bd4,intent,Been a member for several years and finally got a car with Android auto but Spotify keeps losing connection. Other car drivers are having the same issues with Android auto and spotify. Can it not be fixed?,playback,complaint,4,playback,request,4,"{""topic"": 0.95, ""intent"": 0.39, ""severity"": 0.87, ""sentiment"": 0.95, ""quote"": 1.0}"
104c39af-8e55-4ca6-8230-7b30826cd970,intent,Unbelievable ☺️,other,praise,1,other,unclear,1,"{""topic"": 1.0, ""intent"": 0.8, ""severity"": 1.0, ""sentiment"": 0.42}"
10b52d4a-e21d-4ff6-83b7-1b309e4f5493,severity,what is wrong with the new update!?!???,other,complaint,2,other,complaint,1,"{""topic"": 0.86, ""intent"": 0.94, ""severity"": 0.71, ""sentiment"": 0.85}"
114bf41f-97d7-4d5c-9d79-1ded638a925a,topic,"I can't listen to a song of my own choice and whenever I made a playlist it doesn't play according to playlist, it adds another song moreover I can only change 6 songs/hour. It doesn't make sense.I can't choose any song.. It plays another song... I can't listen any specific part of the song.. in a w",usability,complaint,4,playback,complaint,4,"{""topic"": 0.77, ""intent"": 1.0, ""severity"": 0.71, ""sentiment"": 0.61, ""quote"": 0.92}"
11f26418-18cb-40b9-90ec-300897d4d6be,topic,All the useful features are gone now,billing,complaint,3,other,complaint,3,"{""topic"": 0.46, ""intent"": 1.0, ""severity"": 0.76, ""sentiment"": 0.77}"
121d9b36-437f-4552-81be-8c50245cc941,topic,"Bagus lah, pke mode hemat beneran hemat, mutar 100 lagu cuma brp MB gk smpe GB. Terus bnyk nemu lagu2 enak yg belum prnh gue denger. Lgsung masukin ke playlist😂",playback,praise,1,other,praise,1,"{""topic"": 0.47, ""intent"": 1.0, ""severity"": 1.0, ""sentiment"": 0.82}"
126a881a-2462-458b-a8eb-064b4cd0f7d4,severity,"Hey, Spotify has Activision bought you or something like that because one night I remember that I was able to choose which song I wanerd to play and an update later I cannot even choose a song of my choice first . I feel betrayed you money hungry app.",usability,complaint,3,usability,complaint,4,"{""topic"": 0.92, ""intent"": 0.99, ""severity"": 0.68, ""sentiment"": 0.75, ""quote"": 1.0}"
12841024-9252-4e32-9215-71c5e9bd4670,severity,I love this app but nowadays it wants premium but without it you can't skip or listen to music in shuffle ut is not working properly for me nowadays,billing,complaint,4,billing,complaint,3,"{""topic"": 0.92, ""intent"": 0.99, ""severity"": 0.41, ""sentiment"": 0.62}"
1285e0c9-f0ef-49aa-9362-59e12459b2e1,topic,Want good mixes in album,usability,request,1,catalog,request,1,"{""topic"": 0.6, ""intent"": 1.0, ""severity"": 0.94, ""sentiment"": 0.8}"
128ac83e-6d3e-48bd-bd6d-68791aedca3a,topic,Remove all best features.,billing,complaint,2,usability,complaint,2,"{""topic"": 0.6, ""intent"": 0.4, ""severity"": 0.71, ""sentiment"": 0.78}"
1296433a-0457-4bef-b184-0283e8439b0b,intent,Updates sucks.. boycott Spotify!!,other,complaint,2,other,cancellation,2,"{""topic"": 0.62, ""intent"": 0.59, ""severity"": 0.57, ""sentiment"": 0.88}"
1324ae4d-04ce-4267-a52e-653c2d6c27d4,intent|severity,Gustakhi 😡😡😡,other,complaint,2,other,unclear,1,"{""topic"": 1.0, ""intent"": 0.61, ""severity"": 0.62, ""sentiment"": 0.91}"
135a8888-a4d7-47aa-b495-01f489a0b300,severity,"Spend 3 minutes listening to a song you didn't want to, spend 30 minutes on AD after AD after AD after AD AFTER AD AFTER AD. 🖕",usability,complaint,2,usability,complaint,3,"{""topic"": 0.94, ""intent"": 1.0, ""severity"": 0.65, ""sentiment"": 0.97}"
135d2cdd-f862-4594-862f-66e2e66a7d05,intent,❤️❤️❤️💞,other,unclear,1,other,praise,1,"{""topic"": 1.0, ""intent"": 0.66, ""severity"": 1.0, ""sentiment"": 0.66}"
13822cfc-0e01-487a-9771-81e78e023c36,severity,"I like how it has most songs free, but it adds like 15+ songs I've never heard to my Playlist and I only have 6 skips.",usability,complaint,2,usability,complaint,3,"{""topic"": 0.5, ""intent"": 0.73, ""severity"": 0.36, ""sentiment"": 0.86}"
138a736d-1c08-490e-a5eb-e1f85ccdef62,severity,wasted,other,complaint,2,other,complaint,1,"{""topic"": 1.0, ""intent"": 0.81, ""severity"": 0.9, ""sentiment"": 0.62}"
13b03cf6-6460-4148-a3cd-8c906610f4f3,intent|severity,Way to ruin a perfectly working app with videos and live tiles on the homepage. Someone eff'ed up the homepage. I don't want to see videos or audio playing directly on my home screen. I would like to have the home screen return to static tiles and NO AUTO PLAYING AUDIO! If I wanted this BS I would h,usability,complaint,3,usability,request,2,"{""topic"": 1.0, ""intent"": 0.8, ""severity"": 0.61, ""sentiment"": 0.91, ""quote"": 0.81}"
14c1aef2-6952-472b-ac48-bb2f3223a668,intent,"There is a bug that many have been experiencing, which I have as well, regarding the play queue. When you pause the music, then close the app to background, it clears the play queue, even if you have repeat on. The result is that you can resume your current song, but there are no songs to play after",usability,complaint,4,usability,cancellation,4,"{""topic"": 0.92, ""intent"": 0.74, ""severity"": 0.56, ""sentiment"": 0.66, ""quote"": 0.66}"
14ec9972-a341-4535-9d64-8f288b0e1bf5,severity,"I really do hate the new update, can't even use app properly. This new update is the worst. Hope you remove it soon.",usability,complaint,3,usability,complaint,4,"{""topic"": 0.47, ""intent"": 0.86, ""severity"": 0.35, ""sentiment"": 0.87}"
154409ec-c3c0-4e14-b4f6-80489d4f1d5c,severity,😞😔😞,other,complaint,2,other,complaint,1,"{""topic"": 1.0, ""intent"": 0.8, ""severity"": 0.7, ""sentiment"": 0.83}"
15554f6f-5d49-4580-a80c-260a89efbea0,topic,It holds the best music even from old times,catalog,praise,1,other,praise,1,"{""topic"": 0.93, ""intent"": 1.0, ""severity"": 1.0, ""sentiment"": 0.7}"
15d3e93b-5a79-4f5c-8248-cb9f6f6aaba0,intent|severity,This is going to be down!!,other,complaint,2,other,unclear,1,"{""topic"": 0.92, ""intent"": 0.29, ""severity"": 0.37, ""sentiment"": 0.77}"
15d6a117-d40d-4d0a-b7d1-b27434a882c5,intent,"The recommended music has got better over the years and I can't find anything bad to say about it. The only small thing is you need premium to listen to a specific song, but besides that it's great.",billing,praise,3,billing,complaint,3,"{""topic"": 0.67, ""intent"": 0.51, ""severity"": 0.69, ""sentiment"": 0.81}"
15e7d851-6b67-4fb0-abbf-a80638c7696b,severity,Asur ho tum,other,unclear,2,other,unclear,1,"{""topic"": 1.0, ""intent"": 0.44, ""severity"": 0.74, ""sentiment"": 0.69}"
16cdf75f-b241-4d2c-86d3-21ff7243d073,topic,"Really cool, you're just money hungry, thats all.",other,complaint,2,billing,complaint,2,"{""topic"": 0.44, ""intent"": 1.0, ""severity"": 0.96, ""sentiment"": 0.69}"
16fc134f-8b8b-4800-88be-1b6e904b9361,severity,It's nice at first but I really think it should be free to download some song atleast cause some people don't have money to pay for it.,billing,request,1,billing,request,2,"{""topic"": 0.69, ""intent"": 0.97, ""severity"": 0.34, ""sentiment"": 0.83}"
17239f61-1bce-4195-918a-13aef1666ec8,intent,I cant add the same songs to a playlist anymore the app wont let me id like to havae this fixed for a full 5 star rating,usability,complaint,3,usability,request,3,"{""topic"": 1.0, ""intent"": 0.4, ""severity"": 0.86, ""sentiment"": 0.7}"
1726a706-da5d-4b6c-96e4-0677074b077f,intent,"Why not just make it a paid app , why keep the facade of a free app",billing,complaint,2,billing,request,2,"{""topic"": 0.99, ""intent"": 0.45, ""severity"": 0.49, ""sentiment"": 0.76}"
1727f44a-2aee-46e7-b808-a2798ffa57c0,severity,This App Is Lol,other,complaint,2,other,complaint,1,"{""topic"": 1.0, ""intent"": 0.41, ""severity"": 0.66, ""sentiment"": 0.63}"
179c2391-4eaf-4297-af56-fdc30c42066e,severity,"One word ""UNINSTALL""",other,cancellation,1,other,cancellation,2,"{""topic"": 0.92, ""intent"": 0.8, ""severity"": 0.37, ""sentiment"": 0.96}"
17e08c40-fcb5-45ea-a93f-70bad7669452,topic|severity,"The updated version is worst, it's very irritating, bring back the old features, there is no option to play a song on loop or go back to the previous one or skip , it's very bad, very disappointing",billing,complaint,4,usability,complaint,3,"{""topic"": 0.39, ""intent"": 0.9, ""severity"": 0.37, ""sentiment"": 0.82}"
17edd116-a6ef-451e-b06d-fbf68cc6c894,severity,Exceptional app apart from the fact that they charge you for listening to music but I guess thats their only form of making money,billing,complaint,2,billing,complaint,3,"{""topic"": 0.99, ""intent"": 0.92, ""severity"": 0.7, ""sentiment"": 0.8}"
180781fb-7557-4c3f-8b75-ed94d5a7dc45,topic,"As a premium user, I'm seriously ticked off that I'm getting 'sponsored suggestions' now. I hate being marketed to in every aspect of my life and I'm seriously considering canceling my subscription and not using Spotify anymore. Especially since you don't pay the artists hardly anything.",billing,cancellation,3,usability,cancellation,3,"{""topic"": 0.5, ""intent"": 0.81, ""severity"": 0.4, ""sentiment"": 0.69, ""quote"": 0.94}"
18337d7d-4f81-457b-aa40-0fb3e213973f,topic,I really do like spotify but the reason why they get 1 star is because my Hey spotify doesn't work even though I'm a premium member no matter what I do I cannot get this feature of the app to work for me I have been on countless chats I have uninstalled and reinstalled AND updated the app I have res,usability,complaint,4,playback,complaint,4,"{""topic"": 0.62, ""intent"": 1.0, ""severity"": 0.82, ""sentiment"": 0.71, ""quote"": 1.0}"
18615507-7657-410c-925e-89f699f6a538,severity,bad updates. Can't use it if you don't have premium. Switch to youtube music,billing,cancellation,4,billing,cancellation,3,"{""topic"": 0.98, ""intent"": 0.74, ""severity"": 0.56, ""sentiment"": 0.68}"
1884322e-ce73-44dd-b3cb-a2cccc89a8cd,topic,Okay let's start for me everything is fine except one thing. I'm a person without premium on Spotify but the thing that bothers me is on my playlist it randomly plays songs that isn't even on my playlist. And it's so freaking annoying because I can't even change it. I have to reset my phone was 6 bi,usability,complaint,3,playback,complaint,3,"{""topic"": 0.46, ""intent"": 0.61, ""severity"": 0.46, ""sentiment"": 0.91, ""quote"": 1.0}"
18b01f48-92a5-4500-b46c-f93a7c040886,topic,"I love this app,best music app I've found. Great quality, good songs, and I love that there are playlists already made as well. Great app, I recommend it.",catalog,praise,1,other,praise,1,"{""topic"": 0.69, ""intent"": 1.0, ""severity"": 1.0, ""sentiment"": 0.98}"
18b3b213-93e9-41af-9bbf-37a033547777,intent,Waw that is beautiful ......................................................................,other,praise,1,other,unclear,1,"{""topic"": 1.0, ""intent"": 0.44, ""severity"": 1.0, ""sentiment"": 0.52}"
18dfc9f9-3af1-4249-940b-cd96b795f0ef,topic,I love it good music and almost all music .,catalog,praise,1,other,praise,1,"{""topic"": 0.78, ""intent"": 1.0, ""severity"": 1.0, ""sentiment"": 0.8}"
18ea83cf-aa14-4c03-b428-ed8dd37c4da6,topic,"Franchement l'application est vraiment bien ,mais au bout d'une certaine utilisation on ne peut plus choisir /écouter les musiques que l'on souhaite mais on doit écouter toute le playlist au détriment de pouvoir que passer six fois par heure . On ne peut ni réécouter la musique ni l'avancer et je tr",usability,complaint,3,billing,complaint,3,"{""topic"": 0.77, ""intent"": 0.97, ""severity"": 0.8, ""sentiment"": 0.6, ""quote"": 0.84}"
1940284e-d6f9-4287-a008-cdb4e777c66c,topic,Need more improvement because as time is going it is getting worst n worst i have been Spotify user for long time but finally got better options as resso for good collection of songs and wink for best quality songs,other,complaint,2,catalog,complaint,2,"{""topic"": 0.49, ""intent"": 0.6, ""severity"": 0.7, ""sentiment"": 0.88}"
1a076966-2d47-44e8-a4c0-2d57e32d8aa6,topic,Works every time and great to have my faves all together,usability,praise,1,other,praise,1,"{""topic"": 0.49, ""intent"": 1.0, ""severity"": 1.0, ""sentiment"": 0.72}"
1ad02ef0-149c-477c-b29a-bcb6758739f9,severity,App needs a search songs in your playlist would be nice and maybe me it harder to delete songs or have a recycle bin incase you accidentally delete song. Even though the customer support is super helpful would be more streamline if you need to contact them for silly mistakes,usability,request,1,usability,request,2,"{""topic"": 0.94, ""intent"": 0.96, ""severity"": 0.6, ""sentiment"": 0.83, ""quote"": 0.86}"
1ae19eff-035c-4c22-84d5-0bd79fadc183,severity,i hate when it plays different song,playback,complaint,3,playback,complaint,2,"{""topic"": 0.97, ""intent"": 1.0, ""severity"": 0.66, ""sentiment"": 0.96}"
1aef8a79-6d15-43e7-a60c-8fe471da3f7e,topic|intent,Spotify was constantly running in the background and having a play option in my notifications with no way of removing it. Force-stopping the app wouldn't remove it either. I'll just watch podcasts somewhere else.,usability,complaint,3,playback,cancellation,3,"{""topic"": 0.49, ""intent"": 0.45, ""severity"": 0.4, ""sentiment"": 0.83, ""quote"": 1.0}"
1b31dc1f-7222-4f32-9657-8d3913e2ec67,severity,Love the freedom of primer but I still get adverts.,billing,complaint,2,billing,complaint,3,"{""topic"": 0.62, ""intent"": 0.74, ""severity"": 0.56, ""sentiment"": 0.82}"
1b66bfdb-8de9-4eb8-b1e2-199bf5334280,topic,I'm just fed up of this app. Like seriously this app stops running suddenly and then ask me to login again. It happened thrice in a week. And most importantly that network glitch in full network is just so irritating.,access,complaint,4,playback,complaint,4,"{""topic"": 0.43, ""intent"": 1.0, ""severity"": 0.92, ""sentiment"": 0.73, ""quote"": 0.99}"
1b9a6d9b-a4e0-4461-ad0b-497a6725b50b,intent,So far so good. I have only been using the app 5 days.,other,praise,1,other,unclear,1,"{""topic"": 1.0, ""intent"": 0.92, ""severity"": 1.0, ""sentiment"": 0.72}"
1c1a1a15-ce00-4729-88cd-cddf0ced0493,intent,"It's good but I'm experiencing issues on multiple devices, when I am playing music on my phone I usually control it through my laptop but I can no longer do that anymore. When I go and control it through my phone to my laptop it works perfectly fine. Please fix this because I am very lazy. I have ne",usability,request,3,usability,complaint,3,"{""topic"": 0.82, ""intent"": 0.47, ""severity"": 0.68, ""sentiment"": 0.72, ""quote"": 1.0}"
1c253fbc-db56-4272-becd-de22b8ebd438,severity,I hate the new update. When I was trying to see the songs in a Playlist I wouldn't let me,usability,complaint,3,usability,complaint,4,"{""topic"": 1.0, ""intent"": 1.0, ""severity"": 0.66, ""sentiment"": 0.96}"
1c2a1e0c-c845-41c5-867d-6524f84ebe6b,topic|severity,"Wish they would give you free month for your birthday,lost a lot of songs from artists over the Joe Rogan thing.",billing,complaint,2,catalog,complaint,3,"{""topic"": 0.42, ""intent"": 0.41, ""severity"": 0.49, ""sentiment"": 0.69}"
1c36f1ec-e67d-45cc-bb66-279039fa4ca4,topic,No reason to give Spotify 2-3 stars why not 5? Thanks for creating this app it really is amazing and I can discover music easily no need for a deep research.,catalog,praise,1,other,praise,1,"{""topic"": 0.55, ""intent"": 0.95, ""severity"": 1.0, ""sentiment"": 0.93}"
1c7f751f-a647-48e6-9d83-1a54e7c28876,topic,"This app has so many that i cant list them all here. Ill go with the two issues I've had most often. If you have it set to offline mode and your phone restarts or you get logged out for whatever reason, you can't log back in without uninstalling and reinstalling the app. If you have it set to store ",access,complaint,4,downloads,complaint,4,"{""topic"": 0.36, ""intent"": 1.0, ""severity"": 0.86, ""sentiment"": 0.94, ""quote"": 0.97}"
1cab6950-c832-4211-b58f-15d80382c108,topic,"Very pleasant, I listen to music , podcasts and audiobooks in one easy to access site.",usability,praise,1,other,praise,1,"{""topic"": 0.67, ""intent"": 1.0, ""severity"": 1.0, ""sentiment"": 0.76}"
1cbdbd11-7b1d-4039-90f1-94ae729d4792,severity,How can a well known app like Spotify be soo greedy for money.....like seriously can't even slide the music bar to control music.....was using this app for long time but now I'm done bye bye Spotify u will not be missed 😊,billing,cancellation,3,billing,cancellation,4,"{""topic"": 0.66, ""intent"": 0.99, ""severity"": 0.6, ""sentiment"": 0.93, ""quote"": 0.86}"
1cfe7cb2-effc-44ce-8322-b4d5460977bd,intent,"I'm subscribing to YT music largely out of spite, and I just like the app better. Only bothered with this because of friends' playlist. The free version is garbage. They add their painfully bad songs to your playlist unless you have 15 songs, and they don't even tell you how to make the POS stop aut",usability,complaint,3,usability,cancellation,3,"{""topic"": 0.69, ""intent"": 0.47, ""severity"": 0.66, ""sentiment"": 0.77, ""quote"": 0.7}"
1d0b2494-bbe2-43de-9011-e3175aad7f23,topic,Best Except Too munch Advertising for premium.!,usability,complaint,2,billing,complaint,2,"{""topic"": 0.53, ""intent"": 0.84, ""severity"": 0.68, ""sentiment"": 0.66}"
1d2ae475-eb6f-44b1-8dc0-eced5fadd103,topic,"🏄🏾‍♂️🌊 Oh, I'm Loving the graphics you got going. See y'all Spotify in a sec. Going On Dec",usability,cancellation,1,other,cancellation,1,"{""topic"": 0.51, ""intent"": 0.42, ""severity"": 0.81, ""sentiment"": 0.22}"
1d608d08-bd1b-4380-a500-489f04fd018e,severity,"Each time the app is running in the background, it defaults to home screen as soon as I switch over. Quite annoying! Edit: The last update solved this issue on my device.",usability,complaint,2,usability,complaint,1,"{""topic"": 0.99, ""intent"": 0.87, ""severity"": 0.47, ""sentiment"": 0.77}"
1d6b2333-0d00-46eb-8321-5a9bf1a90cd3,topic|intent,Once my most favourite app to listen music now became most pathetic after horrible update. Spotify please fix this soon else you guys will be vanished out from the playstore.,usability,complaint,2,other,cancellation,2,"{""topic"": 0.49, ""intent"": 0.68, ""severity"": 0.56, ""sentiment"": 0.87}"
1daf5766-7e08-4216-9df8-2a5dd25ad2d5,topic,App is nice music play and first working.,playback,praise,1,other,praise,1,"{""topic"": 0.42, ""intent"": 1.0, ""severity"": 1.0, ""sentiment"": 0.97}"
1de054d0-22fa-459a-9cf0-eb6f73cc52b1,topic,"It's a very good app for a non premium user, I don't get much ads, around 2 to 3 every 2 days. I have heard that for some people, the shuffle option isn't there but for me it's there, I have rated this app 1 because I want to see the rating go like 1.2 XD. If my rating was honest, it would be much b",usability,praise,1,other,praise,1,"{""topic"": 0.54, ""intent"": 0.84, ""severity"": 0.89, ""sentiment"": 0.65, ""quote"": 0.56}"
1df7ab46-ebb4-4bea-bf3c-10850a44659d,severity,Not understanding why I have to follow the same artist or bands that I know I have already followed previously. For example I've had to follow the artist T.I. 4 times in the past 2-3 weeks.,usability,complaint,2,usability,complaint,3,"{""topic"": 0.86, ""intent"": 0.94, ""severity"": 0.59, ""sentiment"": 0.97}"
1e29a4cb-4727-46d1-8f2f-100601a9adec,severity,It's horrible that Spotify sponsors The Joe Rogan Experience podcast which spreads misinformation and prejudice. I cannot in good conscious use Spotify; I am removing Spotify from all of my devices. (I hope other people will do the same...),other,cancellation,2,other,cancellation,1,"{""topic"": 0.97, ""intent"": 1.0, ""severity"": 0.32, ""sentiment"": 0.99, ""quote"": 0.98}"
1e69d1fd-0aa4-4275-bd08-98790bcc5555,intent|severity,"I HATE SWEDDAN ALL APP "" LOVE MY ISLAM❤️",other,complaint,2,other,unclear,1,"{""topic"": 1.0, ""intent"": 0.71, ""severity"": 0.74, ""sentiment"": 0.92}"
1e95f0ad-b333-409b-bb54-6f4de727ee03,intent,Please don't install this app.,other,complaint,2,other,cancellation,2,"{""topic"": 1.0, ""intent"": 0.86, ""severity"": 0.92, ""sentiment"": 0.7}"
1ecc318d-31eb-4d17-b937-932134e311fc,topic,Its good but i don't like when i want to change the song but it only plays it for a few seconds,usability,complaint,3,playback,complaint,3,"{""topic"": 0.49, ""intent"": 0.99, ""severity"": 0.75, ""sentiment"": 0.95}"
1f00dacf-a1be-4f42-9b79-620079833c7a,topic,"Laggy, not as good as it was previous versions. I'm not a fan of the new changes, plus it won't let access songs when I'm offline, when half the time I'm just on cellular. Edit: still having the same problems since may 2022...why have none of the updates fixed these basic problems? I've mostly switc",playback,complaint,4,downloads,complaint,4,"{""topic"": 0.5, ""intent"": 0.56, ""severity"": 0.69, ""sentiment"": 0.87, ""quote"": 0.71}"
1f063ab6-242b-4477-9d54-ff00b094afff,topic,"Became the worst app after being updated,the songs cannot be repeated,we cannot listen specific parts of any song,you have only 6 skips in one hour.I don't recommend this app,not at all.Instead,you can try jiosavan.",usability,complaint,3,billing,complaint,3,"{""topic"": 0.69, ""intent"": 0.97, ""severity"": 0.64, ""sentiment"": 0.87, ""quote"": 1.0}"
1f63edea-9c24-4e53-a0dc-a19d09963d10,severity,Honestly the app is great but it won't let me add an album I love to my music library anymore and songs I already listened to play almost every other time. Please fix or I will find another music app.,usability,complaint,3,usability,complaint,4,"{""topic"": 0.94, ""intent"": 0.4, ""severity"": 0.45, ""sentiment"": 0.71}"
202b92a2-812c-4149-ba33-2da3b631df8e,severity,"New ui design sucks, replaced the the easy to navigate list with a feed.",usability,complaint,3,usability,complaint,2,"{""topic"": 1.0, ""intent"": 1.0, ""severity"": 0.69, ""sentiment"": 0.93}"
207d0c8a-bc39-42b4-9605-e9f28004171f,intent,Ok langvmagandavang music,other,unclear,1,other,praise,1,"{""topic"": 0.69, ""intent"": 0.36, ""severity"": 0.8, ""sentiment"": 0.42}"
20a53bb0-5f3f-42af-bfe4-742c4249f2b6,topic,"Recent update made in spotify is worst. Not friendly, limiting the features for ordinary users is no good. Hate the update.",billing,complaint,3,usability,complaint,3,"{""topic"": 0.63, ""intent"": 1.0, ""severity"": 0.6, ""sentiment"": 0.59}"
20a8cc78-19dd-47eb-af83-e4ae22a9e4f1,topic|severity,"Extreme level disappointment with the new update. I can't even choose the song i want to play, defeats the whole purpose of a music app, doesn't it?",billing,complaint,3,usability,complaint,4,"{""topic"": 0.44, ""intent"": 0.99, ""severity"": 0.56, ""sentiment"": 0.79}"
2117d9a3-2765-4369-bc1d-b83c5c1fe06f,topic,"Have over 100 hours of music in one of my playlists, but I hear the same song 3 or 4 times in the same day.",usability,complaint,3,playback,complaint,3,"{""topic"": 0.73, ""intent"": 1.0, ""severity"": 0.84, ""sentiment"": 0.89}"
2122fb11-ee87-4079-843d-747354115e28,intent,Despite the ads after every three to four songs it's pretty good.,usability,praise,2,usability,complaint,2,"{""topic"": 0.95, ""intent"": 0.55, ""severity"": 0.95, ""sentiment"": 0.69}"
21537060-68b7-4e39-850b-fa3ccbfbcf1f,intent,"Great, just wish they got my recommendations more precise but really good :)",catalog,request,2,catalog,complaint,2,"{""topic"": 1.0, ""intent"": 0.25, ""severity"": 0.59, ""sentiment"": 0.93}"
2189edd8-7912-4bfa-8ac6-2c2e1a39a67e,topic,Waste of time app new upadte is not good,other,complaint,2,usability,complaint,2,"{""topic"": 0.91, ""intent"": 1.0, ""severity"": 0.97, ""sentiment"": 0.88}"
21928b56-b30f-452e-8309-6a19e65d3bf6,topic,"Wonderful! So much better than YouTube & Pandora. It's free, there are no ads, you can play whatever song you want, and you can make your phone screen go dark and the music keeps playing. They also create Playlists for you based upon the songs you like. Spotify rocks! I will never use YouTube or Pan",other,praise,1,usability,praise,1,"{""topic"": 0.38, ""intent"": 1.0, ""severity"": 1.0, ""sentiment"": 1.0, ""quote"": 0.9}"
219d81a4-b7be-4b77-849f-38da23c87796,topic,this new update is making the app more unbearable,other,complaint,2,usability,complaint,2,"{""topic"": 0.6, ""intent"": 1.0, ""severity"": 0.77, ""sentiment"": 0.7}"
21d056c9-6a07-412f-b623-1611cdf6e05d,topic,Love this app even if don't get the premium package it still gives you so much music with good options & love my Playlist! Wrote this couple yrs back & I still love it!,usability,praise,1,other,praise,1,"{""topic"": 0.36, ""intent"": 1.0, ""severity"": 1.0, ""sentiment"": 0.69}"
21fd9b8c-33cc-49db-9580-1a34c8caa2a0,topic,You can't play the real son you want I just plays a song from the album. You only get six skips,playback,complaint,3,billing,complaint,3,"{""topic"": 0.3, ""intent"": 1.0, ""severity"": 0.71, ""sentiment"": 0.92}"
22858257-dbb3-436d-b7eb-78a471d990c8,topic,"unusable after the last update, no more related artists",usability,complaint,3,catalog,complaint,3,"{""topic"": 0.58, ""intent"": 1.0, ""severity"": 0.66, ""sentiment"": 0.6}"
22986e4b-132c-4998-9fc0-d9eb1b85e234,topic,Too many pop ups for perimum latest update,billing,complaint,2,usability,complaint,2,"{""topic"": 0.49, ""intent"": 0.97, ""severity"": 0.84, ""sentiment"": 0.97}"
22d533f4-db4d-4204-ad9a-b90b9a78b803,topic,Perfect but too many ad's in a role....but I do enjoy better while on premium...no ad's no disturb and enjoy quality musical experience,usability,complaint,2,billing,complaint,2,"{""topic"": 0.52, ""intent"": 0.5, ""severity"": 0.71, ""sentiment"": 0.63}"
2328f72f-c798-4a35-8b44-9c05149e13b3,severity,Poor app. Just want to earn money.,other,complaint,1,other,complaint,2,"{""topic"": 0.99, ""intent"": 0.42, ""severity"": 0.39, ""sentiment"": 0.9}"
234d82d0-4c1e-4510-951c-1323104809c1,topic,"Awesome app But they lie about 30 mins continuously music hahahahaha but that's alright that's alright, it just my life, my life.....",billing,complaint,2,playback,complaint,2,"{""topic"": 0.35, ""intent"": 0.8, ""severity"": 0.31, ""sentiment"": 0.47}"
234e805c-546b-47b0-9dea-5536bf797fc8,intent,Terbaik lihat yg terkino,other,praise,1,other,unclear,1,"{""topic"": 0.99, ""intent"": 0.39, ""severity"": 0.97, ""sentiment"": 0.68}"
23774ddf-ab27-4c31-9cbc-50f24d8754d8,topic|intent|severity,IT CHANGED MY SONG!!!!!!!!!!!!!!!!!!!!!!!!!!!!!!!!!!!!!!!!,playback,complaint,2,other,unclear,1,"{""topic"": 0.47, ""intent"": 0.71, ""severity"": 0.29, ""sentiment"": 0.56}"
237859c1-1e6c-4c1e-86a0-1c9dabe37d66,severity,Spotify has become the worst app after the update! Not only it made playing of specific parts premium but also prohibited to play the songs in the playlist. We can't even choose to play our favorite songs! Then what's the use of this music app???,billing,complaint,3,billing,complaint,4,"{""topic"": 0.77, ""intent"": 0.99, ""severity"": 0.54, ""sentiment"": 0.98, ""quote"": 0.99}"
237ecdca-0447-4e41-a252-aa0ad9572fee,topic,I've been enjoying Spotify. I love my Playlists and music choices. It has been so easy to use. Thx! :),other,praise,1,usability,praise,1,"{""topic"": 0.49, ""intent"": 1.0, ""severity"": 1.0, ""sentiment"": 0.85}"
24733921-a7d1-4e0a-997a-1f5ef8f4804b,topic|intent|severity,Demanding user to purchase premium to let Fc barcelona to buy some good player,billing,complaint,3,other,unclear,1,"{""topic"": 0.78, ""intent"": 0.82, ""severity"": 0.41, ""sentiment"": 0.68}"
24a17c17-1db8-4052-b493-1b2761930be6,topic,It's a very great music streaming platform from but it's every new updates make it boring and frustrating 😑,other,complaint,2,usability,complaint,2,"{""topic"": 0.44, ""intent"": 1.0, ""severity"": 0.86, ""sentiment"": 0.68}"
24c946f9-327a-4359-846c-4acfaca3327a,severity,I Had been using spotify for 3 years.. I was ok with the ads because of free music.. It was the best app... But now it has become worst🙂.. U cannot play any music of your choice.. U cannot replay..now Every basic features requires premium .. Uninstalled it 👍,billing,cancellation,3,billing,cancellation,4,"{""topic"": 0.77, ""intent"": 1.0, ""severity"": 0.51, ""sentiment"": 0.9, ""quote"": 0.71}"
250a9b2c-4e58-4745-9d6c-63383e530f95,severity,You should shut down your app 😡 what u can't again play song using previous button block,usability,complaint,3,usability,complaint,4,"{""topic"": 0.7, ""intent"": 0.77, ""severity"": 0.45, ""sentiment"": 0.97}"
252dc118-c3ef-452e-b872-9c96a287357c,severity,"2 Star for not being able to select song from playlist. Because to play the song, You need to click shuffle instead of clicking the song within my playlist.",usability,complaint,3,usability,complaint,4,"{""topic"": 0.99, ""intent"": 0.99, ""severity"": 0.55, ""sentiment"": 0.97}"
259a2ccc-955c-448c-9ab1-997f5af5a81e,topic|intent,Remixes should not be part of the one hit wondered. remixes suck!!! it should be part of their own category!,usability,complaint,2,catalog,request,2,"{""topic"": 0.54, ""intent"": 0.37, ""severity"": 0.94, ""sentiment"": 0.8}"
25d94f82-59c5-44f1-87b2-888ac9fc724e,intent,Gagal nembak,other,complaint,1,other,unclear,1,"{""topic"": 0.63, ""intent"": 0.47, ""severity"": 0.29, ""sentiment"": 0.58}"
25e44ed5-dabb-4b1a-8ca0-b5a6a319500f,severity,Not a fan of the company as a whole.,other,complaint,2,other,complaint,1,"{""topic"": 1.0, ""intent"": 0.92, ""severity"": 0.77, ""sentiment"": 0.86}"
260cb129-a0c5-4761-90f9-c26ece7adc1b,severity,Occasionall performance issues otherwise very good.,playback,complaint,2,playback,complaint,3,"{""topic"": 0.89, ""intent"": 0.47, ""severity"": 0.36, ""sentiment"": 0.86}"
2610e2e9-21b3-4648-a0a4-c64c680f7e32,severity,i hait you,other,complaint,2,other,complaint,1,"{""topic"": 1.0, ""intent"": 0.81, ""severity"": 0.74, ""sentiment"": 0.92}"
26a56303-a96e-474f-85ed-3eb499cd100e,topic,Switched from Amazon Music and Pandora. Playback features are better on Spotify by far.,playback,praise,1,other,praise,1,"{""topic"": 0.58, ""intent"": 1.0, ""severity"": 1.0, ""sentiment"": 0.74}"
26c25a5f-d203-48bb-9c67-abc121e8608f,intent,I would have rated it 5 star only if they didn't remove the Loop option. 🙁,usability,request,3,usability,complaint,3,"{""topic"": 0.97, ""intent"": 0.55, ""severity"": 0.77, ""sentiment"": 0.73}"
26d673ef-68d9-4a5d-930b-978764a07325,intent|severity,I hate you I love lslam,other,complaint,2,other,unclear,1,"{""topic"": 1.0, ""intent"": 0.78, ""severity"": 0.6, ""sentiment"": 0.68}"
26d8de64-257c-4e88-b048-0fcf1c838e18,topic|severity,It just keeps getting buggier and buggier it's barely usable and I've tried on several devices it's just bad,usability,complaint,4,playback,complaint,3,"{""topic"": 0.39, ""intent"": 1.0, ""severity"": 0.39, ""sentiment"": 0.64}"
26e3b7b1-58f8-4461-9619-a69a3d99c0a0,severity,I hate Spotify swiden. I love islam,other,complaint,2,other,complaint,1,"{""topic"": 1.0, ""intent"": 0.95, ""severity"": 0.92, ""sentiment"": 0.68}"
26f57e60-8e6b-4199-a5a0-24b7a0bc8ced,intent,"I loved Spotify before. Now with the new update, I can't even repeat the song I've selected. It says I need Premium for that. Please fix this issue.",billing,complaint,3,billing,request,3,"{""topic"": 0.77, ""intent"": 0.45, ""severity"": 0.56, ""sentiment"": 0.8}"
2711964a-1bb5-4753-b963-2a2391f80bc2,intent,Cut lo fcut off from logging in . Describe no experience.,access,unclear,4,access,complaint,4,"{""topic"": 0.99, ""intent"": 0.37, ""severity"": 0.8, ""sentiment"": 0.61}"
27318c4e-62bf-4d5e-b9e6-59009342915c,topic|severity,would be 5 if it had free loop but it isnt so its a 4 honestly good music,usability,request,2,billing,request,3,"{""topic"": 0.58, ""intent"": 0.33, ""severity"": 0.39, ""sentiment"": 0.88}"
27d27e60-4084-430d-9a1a-6496c78837e1,topic,This is an amazing app it helps me calm down and feel activated more whenever I listen to musics in here this app entertains me the buts I can play songs even if my gadget is off,playback,praise,1,downloads,praise,1,"{""topic"": 0.6, ""intent"": 0.55, ""severity"": 0.34, ""sentiment"": 0.26}"
2823fa4d-c288-4ce8-812f-c0336691f2e4,topic,"Liked it until it had all good features for free.u can't even go back from one song to another.now I really think that YouTube music is better than spotify,I don't recommend it.it was better before I could atleast go back and listen to the song again ,and they removed the lyrics. Now it's like oct g",billing,complaint,3,usability,complaint,3,"{""topic"": 0.44, ""intent"": 0.92, ""severity"": 0.78, ""sentiment"": 0.88, ""quote"": 0.86}"
2883ad22-68d3-4532-a426-dd1ac9dcb26e,intent,Super 💯 and the best music app I have seen before it was very nice but no lyrics in other languages that's the one fault 😔,catalog,praise,2,catalog,complaint,2,"{""topic"": 0.91, ""intent"": 0.45, ""severity"": 0.34, ""sentiment"": 0.78}"
28a5fe3a-30a3-4d81-8e51-b49f947af287,intent,It's trow good,other,praise,1,other,unclear,1,"{""topic"": 0.98, ""intent"": 0.36, ""severity"": 0.87, ""sentiment"": 0.43}"
28f1d59c-a55d-4435-9174-7f72bfa24dc7,topic|severity,Move To Another App This app is not for listening songs. You can only listen to the song they give you. No choice in anything. 1. Don't let you play previous song 2. Don't let you repeat the song 3. Don't let you go to a specific part of the song 4. Don't let you play your playlist in random or stra,billing,cancellation,3,playback,cancellation,4,"{""topic"": 0.76, ""intent"": 0.82, ""severity"": 0.5, ""sentiment"": 0.99, ""quote"": 0.52}"
29a8d739-cbf5-46da-b7bd-94e32a3b93d7,severity,"I love the paranormal podcasts, so many to listen to!! But I just wish I could chose a single song to listen to at any one time.",usability,request,1,usability,request,3,"{""topic"": 0.6, ""intent"": 0.69, ""severity"": 0.25, ""sentiment"": 0.63}"
29c9d2c2-7cec-42fc-9636-828147154b51,topic|severity,Worst app after update pls give us the last updated Spotify guys I think so that we have to leave Spotify until it's fix so then only the developers will get their line,billing,cancellation,3,usability,cancellation,4,"{""topic"": 0.75, ""intent"": 0.68, ""severity"": 0.41, ""sentiment"": 0.9}"
29ec8f03-8fa7-4150-b3e5-cffe9c0c633e,intent,👍😁,other,unclear,1,other,praise,1,"{""topic"": 1.0, ""intent"": 0.4, ""severity"": 1.0, ""sentiment"": 0.74}"
2a052711-ca4b-43bc-b41b-1247a5d6d87c,topic|severity,It's good but when I try to play my favorite song for example change from Steven universe. ITS A DIFFERENT SONG heatwaves DIFFERENT SONG roll or die DIFFERENT SONG,catalog,complaint,3,playback,complaint,4,"{""topic"": 0.41, ""intent"": 0.97, ""severity"": 0.39, ""sentiment"": 0.67}"
2a593450-1379-471d-b72a-eede33a4802e,severity,"If there is negative rating available, I will give. No apps do such things for selling premium membership.",billing,complaint,3,billing,complaint,2,"{""topic"": 0.97, ""intent"": 0.99, ""severity"": 0.54, ""sentiment"": 0.91}"
2af323d2-9f5f-4cc0-9440-41f7aaea57cf,topic,Atleast leave the lyrics please!!!,billing,request,3,catalog,request,3,"{""topic"": 0.6, ""intent"": 0.62, ""severity"": 0.69, ""sentiment"": 0.88}"
2b4c8b3a-3766-46db-82c6-f8a7393c0d44,topic,"Spotify is a great app to listen to music and podcasts. You can find almost any song here. Spotify regular is not as good though. I remember how many ads there were. Spotify premium is way better. It gives great suggestions and helps discover new songs. Over the past year, I've had to travel a lot i",catalog,praise,1,other,praise,1,"{""topic"": 0.5, ""intent"": 1.0, ""severity"": 0.95, ""sentiment"": 0.62, ""quote"": 0.43}"
2bbfcce9-87d8-47e7-be47-5ecfdd46c41a,topic,Idk what's wrong. This used to be my fav app but this recent update is what's raging me mad. Very useless update.,other,complaint,2,usability,complaint,2,"{""topic"": 0.57, ""intent"": 0.99, ""severity"": 0.52, ""sentiment"": 0.64}"
2bcb63ae-6f96-4fb4-b021-1cc13d398b89,topic|severity,The only thing is my phone won't hook up with my wife's to listen with due,usability,complaint,3,playback,complaint,4,"{""topic"": 0.52, ""intent"": 0.94, ""severity"": 0.41, ""sentiment"": 0.89}"
2c1dad22-941d-49de-b09d-5d5da2a7cbd7,severity,Hii In new update play button has background color grey.shade400 or grey shade500 and play icon's color is set white. So due to background play button is not visible Dark mode,usability,complaint,3,usability,complaint,2,"{""topic"": 1.0, ""intent"": 0.94, ""severity"": 0.41, ""sentiment"": 0.97}"
2c44e774-4635-4d8f-9f3e-dfc0fd8f1034,topic,Songs n music as per my taste.,other,praise,1,catalog,praise,1,"{""topic"": 0.5, ""intent"": 0.99, ""severity"": 1.0, ""sentiment"": 0.94}"
2c514521-03ea-4b8c-ae9f-413d0076d96b,severity,The music tends to randomly stop whether it's playing on a speaker or my headphones. To resume the music I have to stop what I am doing and skip the song or restart it. This is constantly happening and it is getting annoying.,playback,complaint,3,playback,complaint,4,"{""topic"": 1.0, ""intent"": 1.0, ""severity"": 0.7, ""sentiment"": 0.99, ""quote"": 1.0}"
2c5b77f6-5940-4d30-bec1-7f57f68419d7,topic,"I want to inform the free users that THIS APP has gone to trash with just ONE update. Even premium users suffer from ads and they removed the ONE thing they MUSTN'T have removed :- repeat songs. Idk why Spotify and even Lite version have gone to trash. If I had an option, I would currently rate it a",billing,cancellation,3,usability,cancellation,3,"{""topic"": 0.65, ""intent"": 0.86, ""severity"": 0.66, ""sentiment"": 0.99, ""quote"": 0.96}"
2c7db5a1-1917-4b78-bc21-f512907972f1,topic,The new update was very bad Bekar aap ho chuka hai ye kab se use kr rhe the or ab ye itna ganda ho gya nye update kr baad jiski koi hadh nhi hai.,billing,complaint,2,other,complaint,2,"{""topic"": 0.47, ""intent"": 0.99, ""severity"": 0.42, ""sentiment"": 0.82}"
2d3f2606-5618-498c-86af-d3e433a293b9,topic,Can't skip the song and not able to go previous song.,usability,complaint,4,playback,complaint,4,"{""topic"": 0.69, ""intent"": 1.0, ""severity"": 0.82, ""sentiment"": 0.88}"
2d65ffde-8bb7-4b3c-ae8b-0b5ad5a178d9,topic|severity,Spotify is now started running behind money don't worry public will ensure that you fall down soon.,billing,complaint,2,other,complaint,1,"{""topic"": 0.57, ""intent"": 0.89, ""severity"": 0.68, ""sentiment"": 0.92}"
2d95ee36-0905-4f28-bfe9-fac789ed3cce,intent,Awsworth app,other,praise,1,other,unclear,1,"{""topic"": 1.0, ""intent"": 0.44, ""severity"": 0.81, ""sentiment"": 0.32}"
2d996275-a1fc-4550-aa4c-ba9f45485d72,topic,They make it so very easy to find your music albums and Artist,catalog,praise,1,usability,praise,1,"{""topic"": 0.54, ""intent"": 1.0, ""severity"": 1.0, ""sentiment"": 0.9}"
2dacf6b1-6ff7-4164-a765-b6a5d88ffb16,severity,The app keeps downloading music and the notification almost never go away. Also many songs have disappeared after the dispute with Zee music in India.,downloads,complaint,4,downloads,complaint,3,"{""topic"": 0.98, ""intent"": 1.0, ""severity"": 0.66, ""sentiment"": 0.88}"
2db7bfe9-6b7e-4fce-95b2-482dc44510af,topic|intent,Rectanly not delete why,usability,unclear,1,downloads,request,1,"{""topic"": 0.63, ""intent"": 0.33, ""severity"": 0.73, ""sentiment"": 0.72}"
2e8bcf0b-bdd2-4daf-916b-df36d5117dd3,topic,All my favourite songs that I love 😍 the app is amazing with it,other,praise,1,catalog,praise,1,"{""topic"": 0.57, ""intent"": 1.0, ""severity"": 1.0, ""sentiment"": 0.99}"
2ef6649f-4bd7-4613-b78e-d2a20a325351,severity,"I've used this app plenty of times, and it always is terrible. even with premium it does nothing, but the one thing I hate the most is the ads. I think there should be a mode where you can turn off ads for Sleeping cause it gets annoying just listening to music at night, then boom an ad pops up.",usability,complaint,3,usability,complaint,2,"{""topic"": 0.74, ""intent"": 0.81, ""severity"": 0.42, ""sentiment"": 0.85, ""quote"": 0.86}"
2fbff3e7-2ca1-463a-bade-3a1ac2cd7fad,intent|severity,Go for Homegrown india music app they are much better.,other,complaint,2,other,praise,1,"{""topic"": 0.95, ""intent"": 0.35, ""severity"": 0.61, ""sentiment"": 0.71}"
3115eaa6-789c-4bc5-9940-edfcfc864282,severity,"Updated Dec 2022. Previous problems fixed after a few months. But recent update has caused a new issue. If you are listening to a playlist and then pause for a while, you cant restart. It will only let you play the song you interrupted. You can't even go to the playlist and restart. You have to sele",playback,complaint,3,playback,complaint,4,"{""topic"": 0.85, ""intent"": 0.99, ""severity"": 0.49, ""sentiment"": 0.91, ""quote"": 0.91}"
3141a911-c01b-4144-be5b-96e1e21bbc9e,severity,"It doesn't seem to be syncing with my car recently, I would use it for an alarm but I just discovered that's not working. Is this because of the update?",playback,complaint,3,playback,complaint,4,"{""topic"": 0.51, ""intent"": 0.8, ""severity"": 0.52, ""sentiment"": 0.69}"
31471fdb-b889-4ecd-ab7e-244b073a490f,topic,Love this App so much all my music is here,other,praise,1,catalog,praise,1,"{""topic"": 0.5, ""intent"": 1.0, ""severity"": 1.0, ""sentiment"": 0.88}"
3177b930-409d-4ac8-a730-3b58403e06dd,severity,Worst experience while log in with mobile number my premium account got stopped and iam trying to login but its not working my money got wasted DON'T INSTALL THIS APP ANY MORE,access,complaint,4,access,complaint,5,"{""topic"": 0.93, ""intent"": 0.71, ""severity"": 0.51, ""sentiment"": 0.99}"
31ec7532-a0b4-49dd-ab8d-a10f88de74a3,topic,Worst app ever😡😡they are just looting their customer......Jaahil app developer... go to hell Mr. Greedy 😏,other,complaint,2,billing,complaint,2,"{""topic"": 0.53, ""intent"": 0.99, ""severity"": 0.87, ""sentiment"": 1.0}"
325097df-8dba-4541-87ce-5969515fd408,severity,Its time to uninstall.. very good updatation 🤌,other,cancellation,2,other,cancellation,1,"{""topic"": 0.73, ""intent"": 0.92, ""severity"": 0.26, ""sentiment"": 0.63}"
327475bb-6edd-489d-ad33-107fdb525175,severity,Great user interface but it does not have a wide collection of songs compared to gaana.,catalog,complaint,2,catalog,complaint,3,"{""topic"": 1.0, ""intent"": 0.97, ""severity"": 0.49, ""sentiment"": 0.97}"
3275e234-0615-45eb-8793-99b9759531e0,topic,In my experiences it is best music platform for licenses. And what the quality. I love it. Great Playlist recommend 👌.,catalog,praise,1,other,praise,1,"{""topic"": 0.47, ""intent"": 1.0, ""severity"": 1.0, ""sentiment"": 0.88}"
32ac53e1-3a58-49e7-ad2d-e8bd2ef8f06b,topic,"Good app, good content, swipe added!",usability,praise,1,other,praise,1,"{""topic"": 0.79, ""intent"": 1.0, ""severity"": 1.0, ""sentiment"": 0.95}"
32ca4e2e-9ab4-4c3b-add0-b47ca064a344,severity,"Half the time, whenever I select a song, it plays some random one.",playback,complaint,3,playback,complaint,4,"{""topic"": 0.78, ""intent"": 1.0, ""severity"": 0.45, ""sentiment"": 0.97}"
330c2daa-71f0-40d8-aa18-c721c3a5ff98,severity,After you've started new update for playing songs only songs that you want us to listen that's kind of forcing someone to do unwilling thing as per of music you shouldn't do that. I'm switching my music player to different one. We were even listening your ads but still yov've updated your policies.,usability,cancellation,3,usability,cancellation,4,"{""topic"": 0.54, ""intent"": 1.0, ""severity"": 0.64, ""sentiment"": 0.82, ""quote"": 0.98}"
333a6320-9f12-4009-931e-fe05e2c661ed,intent,What happened to my Spotify I can't see the lyrics please fix it :<,catalog,complaint,3,catalog,request,3,"{""topic"": 0.9, ""intent"": 0.47, ""severity"": 0.68, ""sentiment"": 0.98}"
33829994-23fc-4af4-bda7-ee1e0e84220b,topic,Superb collection and superb UX,other,praise,1,usability,praise,1,"{""topic"": 0.38, ""intent"": 1.0, ""severity"": 1.0, ""sentiment"": 0.97}"
34342e7b-d65c-48a3-a70d-65e3a867d493,severity,I hate this app ....I love Islam,other,complaint,2,other,complaint,1,"{""topic"": 1.0, ""intent"": 0.9, ""severity"": 0.86, ""sentiment"": 0.51}"
344273f9-ffaf-4fad-8dde-5101c03385a4,severity,Hate this app 😠 #stand wd imran khan,other,complaint,2,other,complaint,1,"{""topic"": 1.0, ""intent"": 0.97, ""severity"": 0.94, ""sentiment"": 0.72}"
346406f1-cc61-4ab7-bd6a-9dc583bdf01c,topic,"Lots of adds, other than that; the quality is so good, and there is a wide range of music on this platform. I love it",catalog,praise,2,usability,praise,2,"{""topic"": 0.21, ""intent"": 0.76, ""severity"": 0.69, ""sentiment"": 0.9}"
34fcb297-d1ab-4c84-8eb1-8648086d2ec8,topic|intent|severity,Good but we need more skips,usability,request,2,billing,complaint,3,"{""topic"": 0.79, ""intent"": 0.96, ""severity"": 0.45, ""sentiment"": 0.69}"
34fce41c-1803-4f7e-b90d-f556ee94a792,topic,Abeyy give us our basic features back the worst update EVER UNINSTALLING IT RN,billing,cancellation,3,usability,cancellation,3,"{""topic"": 0.63, ""intent"": 0.99, ""severity"": 0.39, ""sentiment"": 0.99}"
3528d714-4ba8-4cb0-b238-54bd7a0725fa,topic|severity,Please fix your in-app website related stuff,other,request,1,usability,request,3,"{""topic"": 0.55, ""intent"": 0.91, ""severity"": 0.37, ""sentiment"": 0.68}"
35a672d9-8bac-4aa1-bcb1-916cf8f1bb04,severity,"Price keeps going up, and product quality stays the same. Premium just became a waste.",billing,complaint,2,billing,complaint,3,"{""topic"": 1.0, ""intent"": 1.0, ""severity"": 0.76, ""sentiment"": 0.93}"
35cc4cf9-0ff4-400b-bf74-fd8346f59efa,topic,"Now, there is no option to play back the part of the song, with recent update",usability,complaint,3,playback,complaint,3,"{""topic"": 0.67, ""intent"": 1.0, ""severity"": 0.76, ""sentiment"": 0.9}"
35cd8fdd-bedb-4676-98a3-74f7de1ac530,topic,"Doesn't even let me seek the songs, wow!🙏",usability,complaint,4,playback,complaint,4,"{""topic"": 0.75, ""intent"": 1.0, ""severity"": 0.62, ""sentiment"": 0.74}"
35d4d2a2-9d3c-477c-9338-8306f51c7b2d,topic,"It doesn't show lyrics for the song even if my network is alright . It's just showing can't load lyrics for the song , for some songs it's showing for others it's not . Please fix this bug . And so many ads in the ads it's saying uninterrupted listening for 30 mins bu really after 3 songs there's a ",catalog,complaint,3,playback,complaint,3,"{""topic"": 0.52, ""intent"": 0.82, ""severity"": 0.4, ""sentiment"": 0.77, ""quote"": 0.88}"
360674c8-2cb7-4fcf-bff1-a8a0b7184341,severity,Please allow us to edit the homepage. We do not always want to see something we by mistakely played to be there upfront. Please work on this matter and it's not resolved,usability,request,1,usability,request,3,"{""topic"": 1.0, ""intent"": 0.91, ""severity"": 0.35, ""sentiment"": 0.88}"
36b2a0f7-4af1-429c-9128-ad220d479c5d,intent,Byyycotttt,other,unclear,1,other,cancellation,1,"{""topic"": 1.0, ""intent"": 0.37, ""severity"": 0.8, ""sentiment"": 0.76}"
36ba8580-8fd4-445f-b1ca-425b29c9a627,severity,Pay to play music platform,billing,complaint,3,billing,complaint,2,"{""topic"": 1.0, ""intent"": 1.0, ""severity"": 0.59, ""sentiment"": 0.68}"
3761913a-b9d7-4678-9493-12c948fa1b3b,severity,I pay for premium and I enjoy it. It's music diversity seems to have turned down some idk.,catalog,complaint,1,catalog,complaint,2,"{""topic"": 0.94, ""intent"": 0.46, ""severity"": 0.44, ""sentiment"": 0.7}"
37b0cbae-0abc-4e0c-b053-dba2d3b5b79a,topic,"last updated is very bad, i cant listen in loop and i cant listen specific part of track,",usability,complaint,3,playback,complaint,3,"{""topic"": 0.67, ""intent"": 0.97, ""severity"": 0.81, ""sentiment"": 0.96}"
37b50a12-57c6-45f5-9724-b14a6ad1f5b7,intent,"New update has ""+ Add to this playlist"" as the first option in all your playlists now. I have forever been used to tapping on the first song in the playlist, and my muscle memory now has me tapping this new button instead of my songs. Awful UI/UX. As an app developer, this is an unwelcomed and terri",usability,complaint,3,usability,cancellation,3,"{""topic"": 1.0, ""intent"": 0.22, ""severity"": 0.49, ""sentiment"": 0.63, ""quote"": 0.93}"
37b6bd70-2494-4627-a2a3-e9bcb6be6461,intent,I got a free 3 months for free,billing,praise,1,billing,unclear,1,"{""topic"": 0.75, ""intent"": 0.64, ""severity"": 1.0, ""sentiment"": 0.77}"
38114192-7189-499e-92ca-c8b94c89b699,topic,I'm using app from quite long. First feature of this app I loved was that I was able to see the lyrics but after I updated the app lyrics and the option of lyrics has disappeared and I'm not able to understand the lyrics. and the other problem is that we can't skip any ad. Those are irritating. If a,usability,cancellation,3,catalog,cancellation,3,"{""topic"": 0.33, ""intent"": 0.34, ""severity"": 0.69, ""sentiment"": 0.79, ""quote"": 0.96}"
38c15867-a888-4621-98cf-1bf7ddb7a6cf,topic,Easy to use with lots of choices in genre and individual songs,catalog,praise,1,usability,praise,1,"{""topic"": 0.46, ""intent"": 1.0, ""severity"": 1.0, ""sentiment"": 0.97}"
38cf80d4-8b24-4892-932a-90297e3b35ed,severity,"This was my fav music app But after the recent updates my disappointment is immeasurable Like if you don't have premium you can't listen to playlist in a specific order like I'm listening to a specific album and the track after the 1st one is jus random , you can't even skip ahead in a song and can'",billing,complaint,3,billing,complaint,4,"{""topic"": 0.85, ""intent"": 1.0, ""severity"": 0.68, ""sentiment"": 0.97}"
392082b0-afca-4cb2-86d4-2f16ef58a7a0,topic,The song quality is so amazing. I have been using this app 2 years. It has million songs to listen. Not a words to say about this. 😎,catalog,praise,1,other,praise,1,"{""topic"": 0.54, ""intent"": 1.0, ""severity"": 1.0, ""sentiment"": 0.98}"
3969a977-7180-481a-aeea-fa834c90eca3,intent|severity,Go to hell😡,other,complaint,2,other,unclear,1,"{""topic"": 1.0, ""intent"": 0.65, ""severity"": 0.84, ""sentiment"": 1.0}"
3999eabb-52a6-468c-90ef-5403a35090c6,topic|intent,4 propagandas seguidas,other,unclear,2,usability,complaint,2,"{""topic"": 0.55, ""intent"": 0.54, ""severity"": 0.39, ""sentiment"": 0.49}"
3a8d3202-5efe-4711-a74c-6dbf338533b9,severity,Useless app! I spend hours creating a Playlist and when I go to play the list it plays random stupid songs most having NO discernable connection. Not a single song from my actual Playlist. Maybe if you want some bot to decide what you listen to... But why even let you make a list if they won't pay t,billing,complaint,3,billing,complaint,4,"{""topic"": 0.59, ""intent"": 0.77, ""severity"": 0.42, ""sentiment"": 0.99, ""quote"": 0.91}"
3a94f965-e635-42c4-b873-c992e00abbaa,topic,"Spotify is actually an amazing app. it does exactly what it needs to and more. The only thing I would like them to add is a way to download the time synced lyrics, however I know this isn't possible due to the way Musixmatch works. 10/10 app.",other,praise,1,catalog,praise,1,"{""topic"": 0.49, ""intent"": 0.68, ""severity"": 0.97, ""sentiment"": 0.93, ""quote"": 0.57}"
3ad42b18-f5f9-482e-bfac-26d95a7ff6f3,intent,New User interface is a joke. They have destroyed a awesome app. At least provide an option to personalise UI. TODAY. MY USER INTERFACE CHANGED BACK TO HOW IT USED TO BE. PLEASE LEAVE IT THIS WAY.,usability,complaint,3,usability,request,3,"{""topic"": 1.0, ""intent"": 0.31, ""severity"": 0.64, ""sentiment"": 0.85}"
3b28be01-2826-4477-8963-b823e44f9fcd,topic,"I'm editing to 5 stars as the 10,000 limit was removed",usability,praise,1,other,praise,1,"{""topic"": 0.5, ""intent"": 0.91, ""severity"": 0.97, ""sentiment"": 0.6}"
3bb9e574-1cb2-475f-a79b-2f2788fad622,severity,Cant pick the song you want.😠,usability,complaint,3,usability,complaint,4,"{""topic"": 0.68, ""intent"": 1.0, ""severity"": 0.51, ""sentiment"": 0.88}"
3bfb2cde-3b71-4a5e-8523-530344034860,intent,I boycott sweden ...............................................................................................................................,other,cancellation,1,other,unclear,1,"{""topic"": 1.0, ""intent"": 0.51, ""severity"": 0.91, ""sentiment"": 0.7}"
3c0aa261-2038-4cba-9ab0-a307cd621acd,severity,"Please turn off your smart shuffle, i dont want to hear the song that i wont hear, i just need my playlist.",usability,request,1,usability,request,3,"{""topic"": 0.94, ""intent"": 0.99, ""severity"": 0.27, ""sentiment"": 0.88}"
3c3a5149-5d0c-461c-8484-5da70c704e63,intent|severity,Bekar ka app bro 🤜🤜🤜,other,unclear,1,other,complaint,2,"{""topic"": 0.99, ""intent"": 0.45, ""severity"": 0.5, ""sentiment"": 0.39}"
3c45c789-e943-497f-9c80-c2c35d436b4c,topic,"This was the app i could go to when i would feel like listen to songs but these new updates are really frustrating...i cant go to a certain point of the song ,i cant play my playlist in order i cand rewing it .....i am sure there are more updates that they claim will make the app better ...but now I",usability,complaint,3,playback,complaint,3,"{""topic"": 0.74, ""intent"": 0.86, ""severity"": 0.64, ""sentiment"": 0.71, ""quote"": 0.99}"
3c5149fc-9ac4-4448-aa6d-102063146a8d,topic|severity,The app will play songs that aren't on my playlist and won't let me go back.,usability,complaint,3,playback,complaint,4,"{""topic"": 0.49, ""intent"": 1.0, ""severity"": 0.5, ""sentiment"": 0.97}"
3c8ad745-8cc2-4f80-958d-24c90a053c20,intent|severity,कुरान का मजाक बनाने वालो को बायकूट करो बायकूट स्वीडन,other,complaint,2,other,unclear,1,"{""topic"": 1.0, ""intent"": 0.45, ""severity"": 0.61, ""sentiment"": 0.93}"
3cb6109f-a3aa-433f-8407-835261feecce,topic,"I love premium. I'm part of a family plan, and I love listening to music even when I don't have signal. It's easy to use and aestheticly pleasing.",billing,praise,1,downloads,praise,1,"{""topic"": 0.42, ""intent"": 1.0, ""severity"": 1.0, ""sentiment"": 0.94}"
3cc25b17-9011-482e-9b6f-a39bd1d15f64,severity,Yeah it's good for music because it has everything you need but like why has the subscriptions got to be so expensive and the amount of ads in there its like one after every song and sometimes it makes me want to kms because its just that annoying all the time like i just wonna listen to some music ,billing,complaint,3,billing,complaint,2,"{""topic"": 0.93, ""intent"": 1.0, ""severity"": 0.39, ""sentiment"": 0.6}"
3d4e17e7-c768-4d6a-967f-f4a3fdcee78e,severity,Bring back the earlier spotify,usability,request,1,usability,request,2,"{""topic"": 0.55, ""intent"": 0.97, ""severity"": 0.4, ""sentiment"": 0.78}"
3d968fdc-c0eb-408c-b3fd-9259f722bf04,intent|severity,"I hate this app and swedon,I love islam",other,complaint,2,other,unclear,1,"{""topic"": 1.0, ""intent"": 0.96, ""severity"": 0.86, ""sentiment"": 0.82}"
3e1b0880-8a6e-474d-b8f7-a446f8b4bc02,intent,Seriously? No seek and play?,usability,complaint,3,usability,request,3,"{""topic"": 0.78, ""intent"": 0.41, ""severity"": 0.62, ""sentiment"": 0.96}"
3e48cd2c-443d-41a2-8bac-dae1f902ca69,topic,Nice app for listening songs and podcasts . Spotify is better than ganna app,catalog,praise,1,other,praise,1,"{""topic"": 0.44, ""intent"": 1.0, ""severity"": 1.0, ""sentiment"": 0.94}"
3e540854-2756-47d8-9239-e86ce7c9e888,severity,How do I stop this app from just starting when I don't want it to.,usability,request,1,usability,request,3,"{""topic"": 0.94, ""intent"": 1.0, ""severity"": 0.45, ""sentiment"": 0.68}"
3eb60ff3-41f9-405a-a9e8-706873be7ca9,severity,Premium 😏🙄🙄 delete the new update won't i will delete Spotify 🤬🤬😡,billing,cancellation,3,billing,cancellation,2,"{""topic"": 0.97, ""intent"": 0.73, ""severity"": 0.29, ""sentiment"": 0.97}"
3f412ea2-285e-4e25-a5ad-004880f4fa97,intent|severity,The new update of Spotify has ruined our experience......we are not able to listen our fav songs at a time.....you have tried all ways so that people can take premium to listen to their favourite songs..so please change it otherwise people will stop using Spotify,billing,complaint,3,billing,cancellation,4,"{""topic"": 0.87, ""intent"": 0.65, ""severity"": 0.69, ""sentiment"": 0.85, ""quote"": 0.77}"
3f6ac1b6-011f-40cd-86f3-7ce5aeb1544b,topic,I do not enjoy the update at all... It has taken all the basic features out that actually made spotify a good music listening app.... Old version was better.,billing,complaint,3,usability,complaint,3,"{""topic"": 0.46, ""intent"": 1.0, ""severity"": 0.74, ""sentiment"": 0.86}"
3f92c8ca-9d32-4bc0-ba8c-8c24348ff54f,severity,Fine but limited,other,complaint,2,other,complaint,3,"{""topic"": 0.9, ""intent"": 0.84, ""severity"": 0.39, ""sentiment"": 0.93}"
408f9968-c1ea-4fbc-a0bf-2838a73d02bf,intent|severity,I hate you and I love Islam,other,complaint,2,other,unclear,1,"{""topic"": 1.0, ""intent"": 0.84, ""severity"": 0.68, ""sentiment"": 0.39}"
40afc696-a984-47d5-a050-2a5f6db06c06,topic,But can reduce addsss,usability,request,2,playback,request,2,"{""topic"": 0.73, ""intent"": 0.97, ""severity"": 0.82, ""sentiment"": 0.62}"
40ce6a2b-f8ba-46d1-b12e-88204b2a3a75,topic,Great App I am able to listen to what I want when I want that's great because I am all over the place from old country to Gospel Quartets to old rock and roll. It's nice easy app and it has pod casts.,catalog,praise,1,other,praise,1,"{""topic"": 0.67, ""intent"": 1.0, ""severity"": 1.0, ""sentiment"": 0.62}"
40e567d3-4ac0-4f17-a09b-0bd4490403ce,topic,Keeps dropping my songs,playback,complaint,4,downloads,complaint,4,"{""topic"": 0.97, ""intent"": 1.0, ""severity"": 0.55, ""sentiment"": 0.95}"
419bcafd-16dd-4d41-99da-e959e5629752,topic,Was sound good,playback,praise,1,other,praise,1,"{""topic"": 0.65, ""intent"": 0.59, ""severity"": 0.96, ""sentiment"": 0.79}"
41f6c23e-e2b2-4659-8b9a-9054b21af5f4,intent|severity,Duniya ka kaya kahtia Tarin aap hai ya,other,complaint,2,other,unclear,1,"{""topic"": 1.0, ""intent"": 0.73, ""severity"": 0.87, ""sentiment"": 0.58}"
4210a68f-9be2-44f4-9f96-0da293382405,intent,Bye cott swedan,other,unclear,1,other,cancellation,1,"{""topic"": 1.0, ""intent"": 0.76, ""severity"": 0.91, ""sentiment"": 0.43}"
422ea1ad-0ca7-43c6-9f74-c8f3817db2bb,intent,I don't use this app but it stuck in my google play search. Don't want it there,other,complaint,1,other,request,1,"{""topic"": 0.97, ""intent"": 0.4, ""severity"": 0.59, ""sentiment"": 0.85}"
422f91d2-202a-40e7-b5d9-d4fbe22e90c9,topic,"Commercial free music, some of the best playlists I've ever heard and great mix of music. Keeps you on your toes with excitement for what song comes next. Any song you look for is there, fantastic app, maybe the best.",catalog,praise,1,other,praise,1,"{""topic"": 0.6, ""intent"": 1.0, ""severity"": 1.0, ""sentiment"": 0.99, ""quote"": 1.0}"
427f9ac4-fde2-44fb-affb-a8dc4f34de3d,severity,I like it in the old version now I don't know what I will tap,usability,complaint,2,usability,complaint,3,"{""topic"": 1.0, ""intent"": 0.91, ""severity"": 0.59, ""sentiment"": 0.65}"
42a56b42-22e5-4a21-ac8b-e8e2a8a90b4a,intent|severity,Bad app bad country i love islam,other,complaint,2,other,unclear,1,"{""topic"": 1.0, ""intent"": 0.74, ""severity"": 0.9, ""sentiment"": 0.68}"
42cf5ea4-9510-42b3-b83e-c086695f2d37,topic|severity,Listening to podcasts on Spotify has become a joke with this latest update! I deleted PocketCast because I have Spotify premium and this is making that seem like a mistake. Edit: Changed my review back to 5 stars because the issue has been corrected. Thanks Spotify!,catalog,praise,1,usability,praise,3,"{""topic"": 0.63, ""intent"": 0.39, ""severity"": 0.33, ""sentiment"": 0.58, ""quote"": 0.99}"
4312478e-d021-450f-8f2e-43f6524afd15,severity,It's so frustrating now if I just want to replay or listen the song in order I have to buy premium + does not work efficiently I'm uninstalling this and never going to use Spotify ever in my life 😡😡😡,billing,cancellation,4,billing,cancellation,3,"{""topic"": 0.79, ""intent"": 0.99, ""severity"": 0.45, ""sentiment"": 1.0}"
433cb3cd-6130-4eaa-b15a-6ce31f348468,topic,New updates are awfull,usability,complaint,2,other,complaint,2,"{""topic"": 0.59, ""intent"": 0.99, ""severity"": 0.8, ""sentiment"": 0.63}"
4345dde0-4cf8-49b4-a5d1-d569cec34749,intent,I use to love this app listen to song offlines pick what ever song in you playlist you want to listen to now you can't the app picks the song and you limit on skips unless you pay a monthly fee that's why it deserves no starts but the app was great until the recent up now the app is just screwed up ,billing,complaint,3,billing,cancellation,3,"{""topic"": 0.66, ""intent"": 0.57, ""severity"": 0.45, ""sentiment"": 0.92}"
43501324-314b-47d8-a382-26302d653eef,topic,"Garbage app freezes when searching your own liked songs, but sure the devs won't give a **** they've made their money.",usability,complaint,4,playback,complaint,4,"{""topic"": 0.54, ""intent"": 1.0, ""severity"": 0.77, ""sentiment"": 0.93}"
440602d8-e914-417c-b452-cbda54d48a7e,topic,Perfect to listen to all music in the world,catalog,praise,1,other,praise,1,"{""topic"": 0.57, ""intent"": 1.0, ""severity"": 1.0, ""sentiment"": 0.97}"
44106786-4819-436c-a368-13ed3a108328,topic,Easy to find and play music you love,catalog,praise,1,usability,praise,1,"{""topic"": 0.41, ""intent"": 1.0, ""severity"": 1.0, ""sentiment"": 0.97}"
4465f2bd-16c6-4760-afaa-e76807a00fd5,topic,Shuffle Options Remove In Premium Pls,usability,request,1,billing,request,1,"{""topic"": 0.5, ""intent"": 0.92, ""severity"": 0.56, ""sentiment"": 0.68}"
4490880b-fba6-43ce-bdb2-0917f1d26b34,severity,Only wanted to sell scription,billing,complaint,3,billing,complaint,2,"{""topic"": 0.97, ""intent"": 0.96, ""severity"": 0.66, ""sentiment"": 0.89}"
44adcb11-ec92-4b72-b019-dee173ba8877,severity,Soo greedy Spotify They have done everything for premium Greedy.............,billing,complaint,2,billing,complaint,3,"{""topic"": 0.97, ""intent"": 1.0, ""severity"": 0.75, ""sentiment"": 0.93}"
44f5c504-9241-46bd-a89b-d1c595d44603,severity,Still has not figured out how to let you play DOWNLOADED songs half the time,downloads,complaint,4,downloads,complaint,3,"{""topic"": 1.0, ""intent"": 0.99, ""severity"": 0.4, ""sentiment"": 0.93}"
4508d662-f38d-4754-a705-8e6ce8d443ac,topic,I have been very satisfied with these services until I can't get this download for a new phone of mine to work cause I don't know the password. Now I'm getting frustrated,downloads,complaint,4,access,complaint,4,"{""topic"": 0.45, ""intent"": 0.9, ""severity"": 0.68, ""sentiment"": 0.87}"
45451643-7884-4118-93f9-0266e512a77b,severity,"App is getting buggier, and I need to rely on third party APIs to perform needed discovery and curation. Whole new ""daylist"" functions are a total miss. Focus on the core and I will keep paying you money, allow me to control my own AI because you aren't cutting it. Spotify connect always fails. If y",catalog,cancellation,3,catalog,cancellation,4,"{""topic"": 0.3, ""intent"": 0.41, ""severity"": 0.37, ""sentiment"": 0.79, ""quote"": 0.59}"
45d5daa1-c9fb-4f78-87f2-0bbbb4672c25,severity,Disgusting app I don't like it avoid music because sound quality is very low,playback,complaint,3,playback,complaint,2,"{""topic"": 0.98, ""intent"": 1.0, ""severity"": 0.45, ""sentiment"": 0.95}"
45f847f0-5b7f-4345-a49f-3dfb71aa16c0,topic|severity,update After this app became useless 😡 No one should download it again,billing,complaint,3,other,complaint,4,"{""topic"": 0.63, ""intent"": 0.54, ""severity"": 0.54, ""sentiment"": 0.99}"
4632834b-6b68-4c7c-9085-777d62e06721,severity,"Was good but in new update you can no longer preview songs or use shuffle on a playlist, it only gives you recommended songs. Don't waste your time, just get amazon music",usability,complaint,3,usability,complaint,4,"{""topic"": 0.58, ""intent"": 0.76, ""severity"": 0.7, ""sentiment"": 0.64}"
463e6da6-314e-4d74-a75f-8bbf9077ce7d,severity,"I tried out the new ""smart shuffle"" feature, decided I didn't like it, and went to turn it off. THERE IS NO WAY TO DISABLE IT. I'm trying a reinstall, if it's stuck still I will not have a good time. I'll update if things change.",usability,complaint,3,usability,complaint,4,"{""topic"": 1.0, ""intent"": 0.7, ""severity"": 0.64, ""sentiment"": 0.83, ""quote"": 0.99}"
465ccda9-c5fa-4ade-97d1-553599bfe7b0,severity,Hate the new update stop being do greedy for money Spotify and let people listen to music in peace,billing,complaint,2,billing,complaint,3,"{""topic"": 0.5, ""intent"": 1.0, ""severity"": 0.74, ""sentiment"": 0.83}"
4662b50a-ced7-4e6a-9b82-e77a2db18e44,severity,I love this app but I wish that in the future we get unlimited skips and less ads,usability,request,1,usability,request,2,"{""topic"": 0.79, ""intent"": 0.95, ""severity"": 0.74, ""sentiment"": 0.81}"
469a897b-4f8d-40b1-b28b-3b72bc78b83b,intent|severity,"The new updates are so useless. Everything requires premium now. I can't even play my favourite song when I want to it's so irritating. This was the best app and now it's just trash I can't even use the basic features without premium. It's the worst, please consider changing this or I'll have to del",billing,complaint,4,billing,cancellation,3,"{""topic"": 0.95, ""intent"": 0.39, ""severity"": 0.47, ""sentiment"": 0.97, ""quote"": 0.87}"
46ce456f-697d-43a0-9cb2-fee4357f50f7,severity,The new feauture is the worst.. I used to like spotify because it was different from other apps.. Now it feels same as using paid or premium version. It sucks.,billing,complaint,2,billing,complaint,3,"{""topic"": 0.27, ""intent"": 1.0, ""severity"": 0.73, ""sentiment"": 0.71}"
46d6db47-1409-4120-bb23-e49c3484771b,severity,Horrific. Was so happy with listening to music and streaming podcasts before the new updates knocked on. WHAT IS THE UPDATE THAT YOU GET ONLY 6 SKIPS AN HOUR? plus you cannot play a proper playlist as its on permanent shuffle. EVEN THE SONGS CANNOT BE REWINDED?? most random song starts playing from ,billing,cancellation,3,billing,cancellation,4,"{""topic"": 0.52, ""intent"": 0.99, ""severity"": 0.51, ""sentiment"": 1.0, ""quote"": 0.77}"
46e04053-28bf-4004-b2dc-8b17d07baf2f,topic,"I rate it 2 stars because the inability for me to listen to specific songs on MY playlists. That is ultra irritating. However the podcasts I listen to have no such problems. Mainly only use it for that now so 3 stars. However, it is very close to a 2 star.",usability,complaint,3,playback,complaint,3,"{""topic"": 0.87, ""intent"": 1.0, ""severity"": 0.81, ""sentiment"": 0.71, ""quote"": 1.0}"
473c5e69-ea7f-4ed7-aa45-5444216fcfd9,intent,"The good: Music is decent quality when streaming, download option is great and the pricing is acceptable. The bad: It tries to open on my phone constantly. I work in a shop, my laptop is hooked to the speakers. If I could get it to NEVER try to switch to my phone when I'm on a test drive, that would",usability,request,3,usability,complaint,3,"{""topic"": 0.6, ""intent"": 0.64, ""severity"": 0.73, ""sentiment"": 0.93, ""quote"": 0.86}"
474ea2b5-5ac1-4e37-864a-830d895d0bac,intent,My favorite word ❤️‍🔥💖,other,praise,1,other,unclear,1,"{""topic"": 1.0, ""intent"": 0.47, ""severity"": 1.0, ""sentiment"": 0.68}"
4810cc3a-001d-42e1-a7d8-442d52033b96,topic,You can't rewind and move to different time span by yourself.,usability,complaint,3,playback,complaint,3,"{""topic"": 0.47, ""intent"": 0.89, ""severity"": 0.56, ""sentiment"": 0.98}"
4897a586-af4f-4089-ab50-f67e2bd6aa06,severity,Terrible app keeps running in background and cant loop or edit playlist. Dont recommend to anyone use yt,usability,complaint,3,usability,complaint,4,"{""topic"": 0.81, ""intent"": 0.96, ""severity"": 0.5, ""sentiment"": 0.93}"
48f1ce11-4346-485d-b379-d02ce0c0d6e3,intent,Don't install.Try any other app.This app fully bug and network issue,playback,complaint,4,playback,cancellation,4,"{""topic"": 0.53, ""intent"": 0.49, ""severity"": 0.31, ""sentiment"": 0.97}"
4978ed7c-957f-4d2f-95d2-0a47742a1daf,topic,"Great app, last update destroyed it. Lots of bugs on s22",playback,complaint,3,usability,complaint,3,"{""topic"": 0.54, ""intent"": 1.0, ""severity"": 0.42, ""sentiment"": 0.59}"
49ea8f44-325e-4b3b-bcf2-7eb1f2be2131,topic,Recent update was worst update to remove all the basic features a music app should have I have uninstalled after the update it gave me irritation because of unnecessary limitations hope this will be rectified after please make it as before,billing,cancellation,3,usability,cancellation,3,"{""topic"": 0.63, ""intent"": 0.85, ""severity"": 0.74, ""sentiment"": 0.76}"
4a6e69c4-283e-49e7-9ed5-44193604bfb6,topic,Wth! This recent update is worse. Why can't even we have the right to choose our music as we want ?👊😑😭😭,billing,complaint,3,usability,complaint,3,"{""topic"": 0.49, ""intent"": 0.99, ""severity"": 0.76, ""sentiment"": 0.82}"
4a7fb612-0378-44c7-b917-70c57b028f08,topic,"No adds, loads quickly, and all the music I like!",usability,praise,1,other,praise,1,"{""topic"": 0.29, ""intent"": 1.0, ""severity"": 1.0, ""sentiment"": 0.76}"
4ac633a2-51f7-4f1b-af98-1fce267db0c3,severity,Tooo much ADs when you will use this app for 2-3 months it will show ad again and again that's makes me delete this app,usability,cancellation,3,usability,cancellation,2,"{""topic"": 0.92, ""intent"": 0.9, ""severity"": 0.35, ""sentiment"": 0.86}"
4af6e7ae-0344-453b-afef-0b499db94c9f,severity,no tiene super tuna ni still with you,catalog,complaint,2,catalog,complaint,3,"{""topic"": 0.99, ""intent"": 0.7, ""severity"": 0.24, ""sentiment"": 0.56}"
4b41f208-22c2-4733-849f-7f66079622d5,topic,Good music 🎶 seems to know just what I want to hear,other,praise,1,catalog,praise,1,"{""topic"": 0.54, ""intent"": 1.0, ""severity"": 1.0, ""sentiment"": 0.91}"
4ba38be8-2487-4d08-a4a7-d3c5596c3d4b,topic|severity,The app is good but tends to get annoying when it plays the opposite song that i asked for .,playback,complaint,3,usability,complaint,2,"{""topic"": 0.49, ""intent"": 0.99, ""severity"": 0.54, ""sentiment"": 0.8}"
4c3d59ee-41d9-49aa-be56-39f247a4a32c,topic,Would have been great if we could just listen to music even in offline mode in non premium version of the app. Otherwise great !😀,billing,request,3,downloads,request,3,"{""topic"": 0.73, ""intent"": 0.75, ""severity"": 0.66, ""sentiment"": 0.65}"
4c57d49c-a016-4587-8271-69cf35252740,severity,"Thank you, Spotify, for going back to the old layout of the homescreen. We don't need another ""tiktok like"" app.",usability,praise,2,usability,praise,1,"{""topic"": 1.0, ""intent"": 0.65, ""severity"": 0.81, ""sentiment"": 0.68}"
4cca5ac9-6228-428e-b596-78c7f0ac26d5,topic,I've turned off everything possible (including the auto connect to bluetooth) so that it didn't autoplay once connected to bluetooth yet it still plays when it connects to my cars bluetooth. Very annoying.,usability,complaint,3,playback,complaint,3,"{""topic"": 0.66, ""intent"": 1.0, ""severity"": 0.74, ""sentiment"": 0.98, ""quote"": 1.0}"
4d4fd36f-7585-49bf-8899-0e766e1b93b7,topic,Spotify = Adsofy,usability,complaint,2,other,complaint,2,"{""topic"": 0.55, ""intent"": 0.99, ""severity"": 0.97, ""sentiment"": 0.77}"
4d7c82ea-8984-479f-9bda-0d05ffa02612,intent,I hate sewden beausce the goverment is use less and there are some people illitiret and goverment support them,other,complaint,1,other,unclear,1,"{""topic"": 1.0, ""intent"": 0.55, ""severity"": 0.82, ""sentiment"": 0.81}"
4dbfb935-9e40-45ef-a15f-2af225aeee27,severity,Spotify lately has been pausing the songs for no reason and then going back to the same song. This has been going on for 15 to 30 days.,playback,complaint,4,playback,complaint,3,"{""topic"": 1.0, ""intent"": 1.0, ""severity"": 0.68, ""sentiment"": 0.92}"
4dd8534a-00b8-4a11-a7d5-f5aba402db32,intent,"Spotify premium is the most questionable 10 bucks my mom spends every month. I mean why spend $10.79 on something that you can get for free like on muse or illegally. Because the app is so easy to use, it honestly makes it kind of worth it. The freedom to stream with your friends, the lack of ads, a",billing,praise,1,billing,complaint,1,"{""topic"": 0.94, ""intent"": 0.42, ""severity"": 0.64, ""sentiment"": 0.7, ""quote"": 0.64}"
4e47ce4a-ae4e-42f2-a4f5-b041d89ea839,severity,YouTube Music is way better...,other,complaint,2,other,complaint,1,"{""topic"": 0.99, ""intent"": 0.85, ""severity"": 0.55, ""sentiment"": 0.63}"
4e804c3b-1561-4296-898b-9471cecbf874,topic,Ver'nice. Like the options for playing audio to various devices and listening share.,usability,praise,1,playback,praise,1,"{""topic"": 0.87, ""intent"": 1.0, ""severity"": 1.0, ""sentiment"": 0.82}"
4e9720f3-7853-41c1-9e62-f60c1d6fa2c1,severity,Waste 😅 download blackhole,downloads,complaint,2,downloads,complaint,4,"{""topic"": 0.92, ""intent"": 0.95, ""severity"": 0.27, ""sentiment"": 0.62}"
4eb2f37e-2b4e-47a3-aef9-78173834ac3c,intent|severity,Extremely Disturbing,other,complaint,2,other,unclear,1,"{""topic"": 1.0, ""intent"": 0.78, ""severity"": 0.62, ""sentiment"": 0.9}"
4ebc8fcc-02a7-47cb-b730-230a8b3dbd21,topic,"After recent update, I'm not able to see my liked song and other music pages. It's showing blank. Please rectify this glitch.",usability,complaint,4,catalog,complaint,4,"{""topic"": 0.54, ""intent"": 0.85, ""severity"": 0.62, ""sentiment"": 0.97}"
4ec8d472-2c13-4f81-b187-3f5659f2de81,severity,Premium service needed not free service bad app no free services,billing,complaint,2,billing,complaint,3,"{""topic"": 0.94, ""intent"": 0.91, ""severity"": 0.49, ""sentiment"": 0.76}"
4edb30fb-bcda-4569-946c-fe4bd9cc29ca,severity,OLD SPOTIFY IS BETTER THAN THIS..... I need old version of Spotify because it's good + better.........you should change this....,usability,request,2,usability,request,3,"{""topic"": 0.43, ""intent"": 0.82, ""severity"": 0.39, ""sentiment"": 0.7}"
4f197bef-375d-4176-9247-5f528dccb2d3,intent,Kimochi ☺️,other,unclear,1,other,praise,1,"{""topic"": 1.0, ""intent"": 0.81, ""severity"": 1.0, ""sentiment"": 0.72}"
4f4c115d-cf69-4673-ada0-e9e21ff0ae7d,intent,Where are lyrics 😂😂,catalog,complaint,3,catalog,request,3,"{""topic"": 1.0, ""intent"": 0.6, ""severity"": 0.47, ""sentiment"": 0.79}"
4f868e41-c83d-4253-8400-725876eb9944,topic,The new update is horrible we are not allowed to play the songs we want we can't play a particular section of the song we want to hear we can't skip the song ....,billing,complaint,4,playback,complaint,4,"{""topic"": 0.59, ""intent"": 1.0, ""severity"": 0.4, ""sentiment"": 0.68}"
502576b2-2846-4658-abe2-61dd58081175,topic,All my amazing favorites are on there 😊👍✨,other,praise,1,catalog,praise,1,"{""topic"": 0.6, ""intent"": 1.0, ""severity"": 1.0, ""sentiment"": 0.65}"
5087c162-0b1b-4e6b-940a-6a9ce20abc3d,severity,"This app is purposefully forcing people to take premium subscriptions and is not user friendly in terms of listening to music and there are too many ads and cant play portions and switch among songs and also cannot listen for more than 30 mins , I mean you want us to use the app to listen to music o",billing,complaint,3,billing,complaint,4,"{""topic"": 0.83, ""intent"": 1.0, ""severity"": 0.41, ""sentiment"": 0.96}"
509f2e3c-65e0-464a-aa48-875ab8361af1,severity,Forcing customers to buy premium. Can't listen to music In order.,billing,complaint,4,billing,complaint,3,"{""topic"": 0.83, ""intent"": 0.97, ""severity"": 0.39, ""sentiment"": 0.72}"
50b3f86f-6ee8-464c-b9ce-c8bcf5b05c14,topic,Spotify broke my heart a bit too bad...the features are gone...🤌🏻🤌🏻 It was one of my favourite app and I loved it but the new update made it all worse...not expected from you 🙃,billing,complaint,3,other,complaint,3,"{""topic"": 0.37, ""intent"": 1.0, ""severity"": 0.41, ""sentiment"": 0.82}"
51545ed4-f7b9-4f10-af2c-b6aba26966ec,intent|severity,Now we don't leasint own music why you do this 😢😢bts army don't listen bts song and jk golden album😢😭😭😭😭😡😭😭😡😡😡😡😡😭😭😭,catalog,complaint,3,catalog,cancellation,2,"{""topic"": 0.7, ""intent"": 0.81, ""severity"": 0.2, ""sentiment"": 0.74}"
516b0a2a-e33e-4e90-9b55-3b9ca7f42667,topic,Used to be my favorite music app. But I pay for premium for a reason to ONLY pay my songs that I put on my Playlist. Not recommendations. If I wanted random music to play I'd go back to Pandora. And yes autoplay is turned off.,usability,complaint,3,playback,complaint,3,"{""topic"": 0.63, ""intent"": 0.97, ""severity"": 0.74, ""sentiment"": 0.88, ""quote"": 0.62}"
522c7226-271a-4d23-bbba-e59c9964e800,intent,"I've learned it's easier on a laptop, the app is really hard to use on phone, back button doesn't work for me, lots of ads, it wont change the way the playlist is, wont let me loop songs, wont play the same song more than once, it's great on laptop, does have the same adds on there. It's good on tab",usability,cancellation,3,usability,complaint,3,"{""topic"": 0.98, ""intent"": 0.35, ""severity"": 0.75, ""sentiment"": 0.68, ""quote"": 0.96}"
5232b7ab-59db-4a8a-a5be-a458e798c4b6,severity,Not in English although I live in spain,usability,complaint,2,usability,complaint,3,"{""topic"": 0.54, ""intent"": 0.82, ""severity"": 0.37, ""sentiment"": 0.93}"
52756d5b-cfaa-4ad8-beeb-d4e9efa3509e,intent,"I can't choose what songs to play even though I have a playlist (sometimes it will play random songs that aren't in my playlist) and I am complaining about how much you have to spend on premium just to listen to music, this is why I use YTMusic instead of this dang scam. I'm also very upset I can on",billing,complaint,3,billing,cancellation,3,"{""topic"": 0.5, ""intent"": 0.59, ""severity"": 0.51, ""sentiment"": 0.87, ""quote"": 0.94}"
52b933a8-3fe1-47bf-bc6d-f11650d9ad9e,topic,I like it just because I can use it purely for listening to music. It's very different because this kinds of software in China always add a lot of useless functions.,other,praise,1,usability,praise,1,"{""topic"": 0.44, ""intent"": 0.92, ""severity"": 0.76, ""sentiment"": 0.89}"
52e421df-0b95-42fa-bac0-b75f3d7d5cfc,intent,I be lit this app know my playlist,other,unclear,1,other,praise,1,"{""topic"": 0.55, ""intent"": 0.42, ""severity"": 0.71, ""sentiment"": 0.58}"
52f5a478-d31b-4afc-83e3-e463a9ca3d36,topic,This is my always go to app when I want to hear music. It might have commercials(free version) but it's only 3 short ones. Love that you can make your own library too which helps alot for the gym.,usability,praise,1,other,praise,1,"{""topic"": 0.53, ""intent"": 0.99, ""severity"": 0.79, ""sentiment"": 0.86}"
531aaedc-912e-4143-9918-dfca2061afdc,severity,"gajadi bintang 1,udh bener soal nya😁😁😁😁😁😁",other,complaint,2,other,complaint,1,"{""topic"": 1.0, ""intent"": 0.69, ""severity"": 0.49, ""sentiment"": 0.38}"
536a8a70-ffda-427b-8b3b-13dbbde0e2f1,severity,"Spotify listened!!!! (This is my new review after they changed the hompage back..thank god😁) I just want to say thank you and remember if something is already amazing don't try to make it cooler just for the sake of making it cooler. (Especially if it doesn't actually function properly,or even look ",usability,praise,2,usability,praise,1,"{""topic"": 0.98, ""intent"": 0.61, ""severity"": 0.26, ""sentiment"": 0.63, ""quote"": 0.82}"
537ad448-d8d4-42f3-a641-525dd98880e0,topic|intent|severity,Very cheap experience,other,complaint,2,billing,praise,1,"{""topic"": 0.81, ""intent"": 0.96, ""severity"": 0.9, ""sentiment"": 0.68}"
53984ed2-a572-4b3f-a37b-55824bce7017,severity,"I like Spotify, but sometimes I can't swipe away or remove the controls on my notification bar, even when the app is closed and not playing. Very annoying to have to force stop the app. Update: I've now uninstall Spotify just because of this issue. It gets in the way of other apps that I'm trying to",usability,cancellation,3,usability,cancellation,4,"{""topic"": 0.99, ""intent"": 0.99, ""severity"": 0.59, ""sentiment"": 0.75, ""quote"": 1.0}"
53a928bc-a101-48a7-8e07-20d3b648df9a,severity,"Good music app, with less ads",usability,praise,2,usability,praise,1,"{""topic"": 0.91, ""intent"": 0.59, ""severity"": 0.81, ""sentiment"": 0.79}"
54af0d87-0a6d-44a7-b0e9-f850557bc571,topic|intent,I disagree regarding new edit because we can't listen as our wish and by our way I wish they can bring the older version,billing,request,3,usability,complaint,3,"{""topic"": 0.62, ""intent"": 0.56, ""severity"": 0.79, ""sentiment"": 0.95}"
54ccb00b-7f2b-46ee-a928-acc9df588053,intent,I baicor,other,cancellation,1,other,unclear,1,"{""topic"": 1.0, ""intent"": 0.31, ""severity"": 0.62, ""sentiment"": 0.71}"
54d950c8-4605-405b-b3aa-aaa01fc10cd8,severity,We cannot forward and rewind songs after new update .... later they removed lyrics but after new update they added lyrics but now we cannot forward and rewind songs,usability,complaint,3,usability,complaint,4,"{""topic"": 0.63, ""intent"": 0.99, ""severity"": 0.47, ""sentiment"": 0.79}"
5538d7bb-494d-4e45-99a2-a8aa877eaa98,severity,"I cannot for the life of me, find out how.to play the specific song I want. Even by search it is confusing and end up listening to a whole different song in a different Era or genre. I'm not even sure if I can play one s0ecific song. If someone can tell me how to play a specific song then maybe my o",usability,complaint,3,usability,complaint,4,"{""topic"": 0.53, ""intent"": 0.74, ""severity"": 0.44, ""sentiment"": 0.94, ""quote"": 0.52}"
55b04ffa-fa70-4a05-9f92-983bb199a113,topic,"The new update are horrible, they didn't update the app they've just removed the basic features people liked this app for. It is just irritating to play music on this app. I use to love this app but now I feel like I'll just uninstall it.",billing,cancellation,3,usability,cancellation,3,"{""topic"": 0.58, ""intent"": 0.87, ""severity"": 0.56, ""sentiment"": 0.82, ""quote"": 0.97}"
55d66c4e-0088-4b5b-8896-67e22493e75e,severity,Worst app and i dont write review ever. If i am then it is,other,complaint,2,other,complaint,1,"{""topic"": 0.99, ""intent"": 0.94, ""severity"": 0.94, ""sentiment"": 0.76}"
560f169b-14f2-4e95-be1a-70125b1b0f98,severity,Bought Apple music subscription instead. Thanks but no thanks,other,cancellation,2,other,cancellation,1,"{""topic"": 0.42, ""intent"": 1.0, ""severity"": 0.24, ""sentiment"": 0.63}"
56c69c33-96a4-420a-8108-87e81adbbce8,intent,Download and play music,downloads,praise,1,downloads,unclear,1,"{""topic"": 0.9, ""intent"": 0.29, ""severity"": 0.99, ""sentiment"": 0.76}"
5751cef4-606e-4906-9683-55e925d1e0a7,severity,Why did you get rid of the eat this playlist feature,usability,request,1,usability,request,3,"{""topic"": 0.94, ""intent"": 0.85, ""severity"": 0.3, ""sentiment"": 0.9}"
575ed504-da70-47cd-b1e9-405b7ef0f338,topic,Love it can find what I want to listen to with ease but could use a Lil better eq so that I could fine tune for the device or speaker system I was using but besides that no complaints,usability,request,2,playback,request,2,"{""topic"": 0.92, ""intent"": 0.47, ""severity"": 0.73, ""sentiment"": 0.89}"
57e55520-bd99-4ad9-a87c-6265dcfadd50,topic,"Spotify is an amazing app it's so easy but so useful! I definitely recommended it. They is so many songs to listen to and even podcasts! So it's definitely 5 stars for me plus you can make your own playlist, music, ads, podcasts! It's just simply incredible!",catalog,praise,1,other,praise,1,"{""topic"": 0.44, ""intent"": 1.0, ""severity"": 1.0, ""sentiment"": 1.0, ""quote"": 0.46}"
587f5742-d9c2-469d-8154-ebb480ec69b3,severity,"Third class app, if anybody want to premium monthly with his choice then why app force for automatically payment debit. It is totally working like a thief",billing,complaint,3,billing,complaint,5,"{""topic"": 1.0, ""intent"": 0.85, ""severity"": 0.41, ""sentiment"": 0.97}"
5890b3d4-0694-4e92-ab3b-5c1f4d799da1,intent,"keep saying i can only use Spotify abroad for 14 days, that i should change location. How?",access,complaint,3,access,request,3,"{""topic"": 0.61, ""intent"": 0.51, ""severity"": 0.55, ""sentiment"": 0.95}"
58bf0136-8a6f-477b-a7a4-40a8195c8140,intent,"Change the UI back, it's not tiktok. No way I'm paying 12 bucks a month for this.",usability,request,2,usability,cancellation,2,"{""topic"": 0.9, ""intent"": 0.24, ""severity"": 0.45, ""sentiment"": 0.68}"
58e0cb3a-69e4-43f8-ab37-38a0ae2c956c,intent,"You gave us ""Hey Spotify,"" for free and then stuck it behind a pay to get accessory. Money Hungry Gremlins. BRING IT BACK",billing,complaint,3,billing,request,3,"{""topic"": 0.95, ""intent"": 0.65, ""severity"": 0.41, ""sentiment"": 0.97}"
59172e4f-eddc-4d8a-98f5-26093c715209,intent,Gaana provide free songs,other,unclear,1,other,praise,1,"{""topic"": 0.49, ""intent"": 0.5, ""severity"": 0.92, ""sentiment"": 0.44}"
59742568-210e-4645-90f4-7ff85fa834ff,intent|severity,This country disrespected our religion,other,complaint,2,other,unclear,1,"{""topic"": 1.0, ""intent"": 0.77, ""severity"": 0.73, ""sentiment"": 0.76}"
599aea9e-558e-409f-aff3-a5350afa31a2,intent,To bad app in the world ban this app forever 💔💔💔💔😡😡😡😡😡😡,other,cancellation,2,other,complaint,2,"{""topic"": 1.0, ""intent"": 0.65, ""severity"": 0.94, ""sentiment"": 1.0}"
59a7005f-e08d-44f2-b7a3-f3891ee20ad4,intent|severity,Premium ki bati banao aur daldo apni pichhli wali Jeb main,billing,complaint,2,billing,request,1,"{""topic"": 0.92, ""intent"": 0.7, ""severity"": 0.44, ""sentiment"": 0.68}"
59e47a00-31f9-44e8-b295-90d409c38100,topic|severity,Latest update basically killed this app.,other,complaint,2,usability,complaint,4,"{""topic"": 0.69, ""intent"": 1.0, ""severity"": 0.71, ""sentiment"": 0.86}"
5ad7b4f5-e3ed-4b11-9448-0d9b07303cd8,severity,Is anything even free now?😂,billing,complaint,2,billing,complaint,1,"{""topic"": 0.98, ""intent"": 0.97, ""severity"": 0.47, ""sentiment"": 0.82}"
5b314301-5af8-4709-8e0c-a0a10ca330aa,topic,Good deal,billing,praise,1,other,praise,1,"{""topic"": 0.76, ""intent"": 0.9, ""severity"": 1.0, ""sentiment"": 0.96}"
5b9ba523-a0fa-4610-ab38-06a6cfd5eb2e,topic,"No entiendo cual es el punto de pagar una subscripción para descargar las canciones si de todas formas necesito una conexión online para acceder a ellas. Cómo siempre el servicio pésimo y empeorando gracias a las inútiles e innecesarias ""actualizaciónes"".",billing,complaint,3,downloads,complaint,3,"{""topic"": 0.71, ""intent"": 1.0, ""severity"": 0.62, ""sentiment"": 0.91, ""quote"": 1.0}"
5ba86dec-e9ea-4211-b2b9-9fceee244177,severity,Amazing ...just want option for free songs,billing,request,2,billing,request,1,"{""topic"": 0.92, ""intent"": 0.92, ""severity"": 0.21, ""sentiment"": 0.48}"
5c009861-e155-4da9-b194-eb58e645676f,topic,Great music good definition,other,praise,1,playback,praise,1,"{""topic"": 0.66, ""intent"": 1.0, ""severity"": 1.0, ""sentiment"": 0.93}"
5c07dc06-ccce-4cd3-88e8-8972fa86e93d,intent,"literally the best music app, but only if u are premium!!",billing,praise,3,billing,complaint,3,"{""topic"": 0.85, ""intent"": 0.39, ""severity"": 0.24, ""sentiment"": 0.5}"
5c19f540-325f-4dd6-9299-bede01cab036,topic,"My play list keeps getting ""enhanced"" and I do not like it. Please make this an option to turn off for Playlists so it isn't accidentally pushed also it adds too many songs wouldn't be as bad if I could choose how many. It was very frustrating, just turned it off hopefully it stops. Also now it rand",usability,complaint,4,playback,complaint,4,"{""topic"": 0.49, ""intent"": 0.87, ""severity"": 0.5, ""sentiment"": 0.95, ""quote"": 0.41}"
5c252611-70a1-4713-ba1b-0e13423833c6,topic|severity,Worst app without lyrics,billing,complaint,3,catalog,complaint,2,"{""topic"": 0.5, ""intent"": 0.99, ""severity"": 0.7, ""sentiment"": 0.67}"
5c3fbd01-1d85-4534-b2a6-c3c8fdd9b233,severity,It's a nice app but i can't get a premium using the mobile option.,billing,complaint,3,billing,complaint,4,"{""topic"": 0.99, ""intent"": 0.82, ""severity"": 0.54, ""sentiment"": 0.67}"
5c42fc85-2264-486e-b55a-ee6aba57030c,intent,worth the hype. EXCEPT the free version is GARBAGE. when i stopped paying for premium i Had to switch to youtube music because spotify free is .. bad,billing,cancellation,3,billing,complaint,3,"{""topic"": 0.92, ""intent"": 0.6, ""severity"": 0.57, ""sentiment"": 0.68}"
5d307b5f-4278-4de2-8fad-e7087f0b4813,intent,👍🏿👍🏿👍🏿👍🏿👍🏿A picture is worth a thousand words!,other,praise,1,other,unclear,1,"{""topic"": 1.0, ""intent"": 0.6, ""severity"": 1.0, ""sentiment"": 0.55}"
5d96ce56-9e72-4610-8d07-722da80e1f66,intent,Nice plete from,other,unclear,1,other,praise,1,"{""topic"": 0.98, ""intent"": 0.61, ""severity"": 0.96, ""sentiment"": 0.64}"
5dd7f099-5ecd-4063-8d8c-45cf2cb6bb8a,topic|intent,Only 2 coz now theyre paying us for lyrics. I find it funny coz who needs lyrics? You can find it in google or youtube.,billing,praise,1,other,complaint,1,"{""topic"": 0.33, ""intent"": 0.46, ""severity"": 0.74, ""sentiment"": 0.41}"
5df616c8-6959-45d8-abaf-e2bff2d8fe57,topic,I'm rating this 2 stars whenever I keep skipping the song that is NOT in my playlist its still keeps letting me listen to another song that isn't in my playlist its quite annoying.. It's just I can't buy the premium but I want to listen to my own playlist so please fix it.,playback,complaint,3,usability,complaint,3,"{""topic"": 0.41, ""intent"": 0.6, ""severity"": 0.79, ""sentiment"": 0.95, ""quote"": 0.9}"
5e05c506-00ae-45ba-a83c-bfce698c53cb,severity,It's an amazing app all my fav songs but sometimes it lags and I don't see the bar at the bottom showing what song I'm listening to! Still an amazing app though!,usability,complaint,3,usability,complaint,2,"{""topic"": 0.65, ""intent"": 0.94, ""severity"": 0.5, ""sentiment"": 0.76}"
5e2b0b5f-4d6d-4273-a895-fb4b5d2fb74a,topic,Many ads and provide bad quality songs 👎👎👎👎👎👎👎👎👎👎👎👎👎👎,playback,complaint,2,usability,complaint,2,"{""topic"": 0.54, ""intent"": 1.0, ""severity"": 0.68, ""sentiment"": 0.95}"
5e4b377c-97dd-4aff-9d09-8c792325bbd9,severity,F u for doing this Spotify.,other,complaint,2,other,complaint,1,"{""topic"": 0.98, ""intent"": 0.66, ""severity"": 0.65, ""sentiment"": 0.97}"
5e5b18e2-6fe4-4ff8-a7f4-bcbbcab81f1d,topic,It's just keep playing random songs not even in my playlist and no matter what i did it won't play my songs,usability,complaint,4,playback,complaint,4,"{""topic"": 0.47, ""intent"": 1.0, ""severity"": 0.95, ""sentiment"": 0.73}"
5e807049-ae62-45f6-92be-19423ee29d37,topic,I don't like the shuffle when i wanna play the song and it keep play the other random song,usability,complaint,3,playback,complaint,3,"{""topic"": 0.55, ""intent"": 1.0, ""severity"": 0.66, ""sentiment"": 0.99}"
5e968d25-35d7-464f-804f-cd8761edd1a0,topic|severity,"Now you can't even skip a song, if they had all the song that I search for then having such an update was worth it. But they don't have the songs I want to hear and on top of that this update.",catalog,complaint,4,playback,complaint,3,"{""topic"": 0.41, ""intent"": 1.0, ""severity"": 0.37, ""sentiment"": 0.62}"
5ed62854-ca6f-40e1-b48d-f98e0f25c167,topic,"I don't know what's going on but I'm a premium subscriber for 2 years and since last week I got ads in between episodes of my podcasts. I checked but I'm still premium. Also the app keeps shutting down and deletes downloads. I really love the app, so I hope they'll do something about it soon.",billing,complaint,4,playback,complaint,4,"{""topic"": 0.68, ""intent"": 0.96, ""severity"": 0.91, ""sentiment"": 0.7, ""quote"": 0.77}"
5ed89799-d6ff-4e02-85cb-b7b1e45ffc5b,intent,"Music selection is awesome! Only issue is with the podcasts. There needs to be a way after listening to a podcast and not liking it Spotify doesn't keep placing new episodes in your que. I've tried unsubscribing and nothing seems to work. They need something like you can do with the song, and either",usability,request,3,usability,complaint,3,"{""topic"": 0.76, ""intent"": 0.44, ""severity"": 0.87, ""sentiment"": 0.89, ""quote"": 0.69}"
5efa850d-5150-445a-a810-02aba7d5eea0,topic,Love the crisp sound and variety of genres!,catalog,praise,1,other,praise,1,"{""topic"": 0.6, ""intent"": 1.0, ""severity"": 1.0, ""sentiment"": 0.74}"
5f0e979f-e441-498e-aae7-ffe27c49c44f,topic|severity,"I like spotify, but every update seems to bring unnecessary annoying bugs with it",other,complaint,2,usability,complaint,3,"{""topic"": 0.54, ""intent"": 1.0, ""severity"": 0.7, ""sentiment"": 0.71}"
5f1b1e73-c906-43f0-9bd2-01816bb3e0f9,severity,This app was the perfect for music but now it's the worst we can't even do anything it literally forces you to get it's premium version,billing,complaint,4,billing,complaint,3,"{""topic"": 0.95, ""intent"": 1.0, ""severity"": 0.46, ""sentiment"": 0.95}"
5f23e719-8975-4ca6-9720-bfd90511ab5d,intent|severity,Bekar Bhai,other,complaint,2,other,unclear,1,"{""topic"": 1.0, ""intent"": 0.62, ""severity"": 0.9, ""sentiment"": 0.67}"
5f8d5f87-f8ab-4d41-812c-02fe4fa999bc,intent,Osumm app,other,unclear,1,other,praise,1,"{""topic"": 1.0, ""intent"": 0.39, ""severity"": 0.95, ""sentiment"": 0.57}"
5fb617db-a182-4255-84e1-f46930394786,severity,Recent Update is worse in recent history you cannot Play next song just Bcz you don't have premium you cannot force people to buy your premium buy removing basic functionality of a app not to mention people were okay with annoying adds even after that you force them to have buy your product it just ,billing,cancellation,4,billing,cancellation,3,"{""topic"": 0.86, ""intent"": 1.0, ""severity"": 0.68, ""sentiment"": 1.0}"
5fddf5cb-8e53-4cf0-bc40-d037722226be,topic|severity,We can't listen song parts,billing,complaint,3,playback,complaint,4,"{""topic"": 0.29, ""intent"": 0.99, ""severity"": 0.39, ""sentiment"": 0.89}"
5fdffea1-1d48-4fd8-a4b4-69b221291218,topic,With Recent update spotify just became a nightmare I'm considering uninstalling but this is my only music source so I'm locked,billing,complaint,3,usability,complaint,3,"{""topic"": 0.87, ""intent"": 0.41, ""severity"": 0.68, ""sentiment"": 0.66}"
5fea9bc7-84fe-45dd-86db-93d7230f353a,severity,"I can't tell how angry I am after the recent update. I listen to spotify on daily basis and the updates like can't play your playlist in the same order , can't listen to specific part of song , after listening to like half and hour it doesn't play the song we want instead it plays random songs of th",playback,complaint,3,playback,complaint,4,"{""topic"": 0.51, ""intent"": 0.9, ""severity"": 0.37, ""sentiment"": 0.97, ""quote"": 1.0}"
603d8c03-70ab-4c72-b006-3606e67151ec,topic,Bad for adds,other,complaint,2,usability,complaint,2,"{""topic"": 0.76, ""intent"": 0.97, ""severity"": 0.97, ""sentiment"": 0.95}"
606ca154-aba2-4ff0-ba74-a056fe2cb225,topic,"It's very smooth app but, there are much advertisment I'm getting rid of it, but the best app ever for music and experience",usability,cancellation,2,other,cancellation,2,"{""topic"": 0.46, ""intent"": 0.87, ""severity"": 0.39, ""sentiment"": 0.93}"
606cc2bd-5ce8-4601-b9b6-555d3959ebf4,topic,"probably the best music app to listen to since it has many songs but there is only one problem which made me kinda disappointed with spotify, i have over 1k liked songs and everytime i listen to it, the most played tracks always come back over and over, the tracks i never listened to before never ca",usability,complaint,3,catalog,complaint,3,"{""topic"": 0.66, ""intent"": 0.84, ""severity"": 0.84, ""sentiment"": 0.84, ""quote"": 1.0}"
609d2a32-a40f-45a1-af42-b03dab5ee7be,severity,now it is become a worst app ever by there new update u r just scammers u only finding the way to earn money I choose to uninstall the app,billing,cancellation,3,billing,cancellation,2,"{""topic"": 0.82, ""intent"": 0.99, ""severity"": 0.19, ""sentiment"": 1.0}"
60a4928f-b6de-42cd-b490-cb74b607be59,topic,Very good music app. Sound quality is amazing. Premium service is available for a nominal fee. Very good collection of songs in different languages.,catalog,praise,1,other,praise,1,"{""topic"": 0.69, ""intent"": 1.0, ""severity"": 1.0, ""sentiment"": 0.72}"
60c08f02-c5a6-4b82-a466-155e049471e0,intent,Wouldn't let me listen to an album in order. Get rid of the shuffle feature Edit: Gave it a second chance and now it's all I use. Paying for it is definitely worth it for me,usability,praise,3,usability,complaint,3,"{""topic"": 0.78, ""intent"": 0.27, ""severity"": 0.29, ""sentiment"": 0.7}"
60ef1abe-57c8-4b43-896a-6d433aebb4fe,topic,Good music collection & better quality sound.,catalog,praise,1,other,praise,1,"{""topic"": 0.51, ""intent"": 1.0, ""severity"": 1.0, ""sentiment"": 0.85}"
60f4c406-e070-4021-8691-314a74d102c9,severity,"App constantly surprises me by getting even worse - the new home screen is incredibly unhelpful, recurring issues with playing songs, still can't select multiple songs (e.g. adding to a playlist from an album, editing lists, ...), and now the audiobook genre has silently disappeared from the Search ",usability,cancellation,3,usability,cancellation,4,"{""topic"": 0.66, ""intent"": 0.8, ""severity"": 0.69, ""sentiment"": 0.76, ""quote"": 0.76}"
6155847c-a514-486d-9003-56458a06ec07,topic|severity,Really enjoy it only wish they keep their promise with the 30 minutes free ad music instead of four ads back to back but hey you win some you loose some,billing,complaint,3,usability,complaint,2,"{""topic"": 0.73, ""intent"": 0.81, ""severity"": 0.39, ""sentiment"": 0.66}"
61ad4e94-f09f-441b-965a-23f7e89dc4f2,topic,Great! MUSIC AND AUDIO DEVICE APP. LUV WORKING WITH THIS APP AND ADDING OTHER APPS TO WORK WITH SPOTIFY,usability,praise,1,other,praise,1,"{""topic"": 0.43, ""intent"": 1.0, ""severity"": 1.0, ""sentiment"": 0.95}"
61c6c53e-9f3b-4b41-8a2d-f77edc5b2022,intent,"Why change the app and get rid of the easy like/unlike function. It wasn't broken, so why touch it?",usability,request,3,usability,complaint,3,"{""topic"": 0.9, ""intent"": 0.54, ""severity"": 0.6, ""sentiment"": 0.97}"
61dee946-6871-4279-a077-7205e74c9996,severity,1 billion downloads ho gaye hai toh hawa mai udd rahe hai. Har cheez ke liye premium,billing,complaint,3,billing,complaint,2,"{""topic"": 1.0, ""intent"": 1.0, ""severity"": 0.75, ""sentiment"": 0.63}"
61fa98c3-7578-49e3-8332-1d7409b4b9bb,topic,All the basic features are decreasing day by day. Very bad for daily.,usability,complaint,3,other,complaint,3,"{""topic"": 0.41, ""intent"": 1.0, ""severity"": 0.64, ""sentiment"": 0.88}"
6201feee-aaf2-41b0-9855-115d81acc9ee,severity,Uninstalled due to persistent notifications,usability,cancellation,3,usability,cancellation,2,"{""topic"": 0.87, ""intent"": 1.0, ""severity"": 0.39, ""sentiment"": 0.83}"
6222e2ae-e77a-4d6c-ba16-abc35fb9f530,severity,"This app was literally so good but the new update made it worse . You can't loop , add the song in queue , play in order or shuffle , lyrics are not loading or play a specific part of a song because they all go into premium plan . It's so frustating that I have decided to delete the app if the app d",billing,cancellation,3,billing,cancellation,4,"{""topic"": 0.79, ""intent"": 0.76, ""severity"": 0.52, ""sentiment"": 0.97, ""quote"": 0.99}"
624dfd4e-850d-48d3-b2c1-92c74dc897f2,topic,App was good but then the new update happened. Very disappointed. I try to listen to songs from MY playlist but instead spotify adds different songs that I don't want to listen to which makes me use up all my skips. Premium is expensive so I have no intention of buying it but the new update makes it,usability,cancellation,3,billing,cancellation,3,"{""topic"": 0.42, ""intent"": 0.7, ""severity"": 0.44, ""sentiment"": 0.72, ""quote"": 0.74}"
627f1223-1d90-4d2d-ad37-3028c0a537f1,topic,"The best, I connected it to my Bluetooth device and it worked wonders for me",usability,praise,1,playback,praise,1,"{""topic"": 0.42, ""intent"": 1.0, ""severity"": 1.0, ""sentiment"": 0.89}"
62ae7952-0f4c-4f14-ab69-1a96e0901af5,severity,Theres other ad less music app,other,complaint,2,other,complaint,1,"{""topic"": 0.67, ""intent"": 0.5, ""severity"": 0.73, ""sentiment"": 0.82}"
63062f58-1045-4d95-a4e1-15f0d50fced6,topic|intent,"Spotify is simple to use and has millions of songs to listen to. Not just music, podcasts are really good as well. If Spotify can publish and let people purchase audiobooks separately as well, it will be a one stop for all audio needs. No need to buy Audible separately. Overall a solid app, really w",billing,request,1,other,praise,1,"{""topic"": 0.45, ""intent"": 0.49, ""severity"": 0.99, ""sentiment"": 0.66, ""quote"": 0.75}"
6382a279-6ad2-4328-bdec-cfd8830605d7,topic|intent,Poor. I think a new update. It's not playing the songs I want but the playlist. Pls turn back like before. Cut all new updations.,usability,complaint,3,playback,request,3,"{""topic"": 0.61, ""intent"": 0.46, ""severity"": 0.69, ""sentiment"": 0.97}"
63b46b7f-8ebe-4c00-a98c-ae0cb15e805b,topic,I like old songs i am always listening.,catalog,praise,1,other,praise,1,"{""topic"": 0.7, ""intent"": 0.97, ""severity"": 1.0, ""sentiment"": 0.94}"
63ce9b93-1594-41f2-b6a0-0a2b36b94ef3,topic,This app is so cool I will be soo satisfied if you can show the mv of the song too,catalog,request,1,other,request,1,"{""topic"": 0.71, ""intent"": 0.8, ""severity"": 0.96, ""sentiment"": 0.82}"
6447c7b9-3226-486c-a570-f3417f5e4bad,intent,✨💘,other,praise,1,other,unclear,1,"{""topic"": 0.52, ""intent"": 0.37, ""severity"": 0.87, ""sentiment"": 0.0}"
64edfc0f-0636-4ff4-a6ac-4ff3f201a3b0,topic,I'm in love with how this app knows me.,catalog,praise,1,other,praise,1,"{""topic"": 0.58, ""intent"": 1.0, ""severity"": 1.0, ""sentiment"": 0.9}"
64f82c82-ac64-468b-9152-4f6dd6695268,intent,I don't know if this is a new update or something but you can even reverse you song,usability,praise,1,usability,unclear,1,"{""topic"": 0.91, ""intent"": 0.77, ""severity"": 0.92, ""sentiment"": 0.79}"
6550e9d8-f916-4012-973a-2a55b77a0e6c,severity,I hate this app specially Jeremy erlich because he ALWAYS sabotages BTS.,other,complaint,2,other,complaint,1,"{""topic"": 0.5, ""intent"": 1.0, ""severity"": 0.77, ""sentiment"": 0.96}"
65713708-0f32-4beb-9099-75c1a95ccadd,severity,Hate this app it's not be work👎,other,complaint,4,other,complaint,2,"{""topic"": 0.46, ""intent"": 1.0, ""severity"": 0.66, ""sentiment"": 0.74}"
65a5dde4-77d9-410c-b4b8-396bffeec67e,topic,"There is something wrong with this app which many have now pointed out. The player panel simply disappears at random so you cannot pause, skip, or do anything unless you restart the phone. Closing the app does not fix the issue.",usability,complaint,4,playback,complaint,4,"{""topic"": 0.63, ""intent"": 1.0, ""severity"": 0.96, ""sentiment"": 0.71, ""quote"": 1.0}"
6619015e-e5cf-401f-8a93-9ea6d00a342e,topic,"Spotify forces paying, and most likely non paying customers also, to follow what they've made that the majority agree against. NOBODY likes the smart shuffle function, and after thousands of negative reviews, their simplified answer is pretty much, ""we don't care because we're trying new things"". Wa",billing,cancellation,3,usability,cancellation,3,"{""topic"": 0.41, ""intent"": 0.97, ""severity"": 0.55, ""sentiment"": 0.97, ""quote"": 0.38}"
6635a007-a825-4660-80e1-d4770d64afdc,topic,The best music app but the session feature is broken it doesn't work properly,usability,complaint,3,playback,complaint,3,"{""topic"": 0.62, ""intent"": 0.99, ""severity"": 0.66, ""sentiment"": 0.92}"
6666957e-5a81-4b6b-b7b9-8ed2c44c1c18,severity,I cant liesnin to music with out you adding songs 9,catalog,complaint,3,catalog,complaint,4,"{""topic"": 0.9, ""intent"": 0.52, ""severity"": 0.27, ""sentiment"": 0.85}"
668012d6-9997-4830-9355-f01751595ff4,severity,Your country had burn Quran as a protest all Muslim will delete Spotify,other,cancellation,2,other,cancellation,1,"{""topic"": 1.0, ""intent"": 0.69, ""severity"": 0.61, ""sentiment"": 0.98}"
66c8ddf9-ddae-4ab1-97d0-dbe439720be7,topic|intent,Barely works without an internet connection on a premium plan. Songs just won't play no matter how many times I click on them and playlists won't open. Switching to offline mode makes no difference.,playback,complaint,4,downloads,cancellation,4,"{""topic"": 0.46, ""intent"": 1.0, ""severity"": 0.99, ""sentiment"": 0.7}"
67135d75-99e2-40f5-a47d-ab28f3e6aa0a,severity,"I have been using this app from 6 months, and I loved the experience but when I opened it today,I cannot even believe that we cannot see the the song in the queue and also can't repeat any part of the songs. Very disappointed I am going to delete the app",usability,cancellation,3,usability,cancellation,4,"{""topic"": 0.95, ""intent"": 0.91, ""severity"": 0.57, ""sentiment"": 0.71, ""quote"": 1.0}"
67a1ed15-efc0-4461-a14f-bf5576aed574,severity,"Earlier Spotify was the best music app but now its not at all good I am very disappointed as i can't rewind or forward the songs, can't even play the last song again. Why do you want to give these things on premium its ridiculous please do the changes and make it as it was earlier. Spotify was best ",billing,cancellation,3,billing,cancellation,4,"{""topic"": 0.67, ""intent"": 0.92, ""severity"": 0.46, ""sentiment"": 0.91, ""quote"": 0.76}"
67d1d8c3-af3e-4e7e-9010-d9a12265a60c,severity,"App was running great until I upgraded to premium duo, now listening is spotty if both my and I are trying to listen",playback,complaint,3,playback,complaint,4,"{""topic"": 0.83, ""intent"": 1.0, ""severity"": 0.7, ""sentiment"": 0.78}"
67e0d657-3828-4316-998e-757d017b824e,severity,The new update is horrible there are no more lyrics to songs so disappointed why should I keep my premium,catalog,complaint,3,catalog,complaint,4,"{""topic"": 0.66, ""intent"": 0.94, ""severity"": 0.76, ""sentiment"": 0.69}"
68184148-88fe-4ae8-aaaf-7453bcecf4b3,severity,Knocks spots of other music providers. Sadly the format has become more opaque it used to be easier to find new stuff.,usability,complaint,2,usability,complaint,3,"{""topic"": 0.45, ""intent"": 0.9, ""severity"": 0.6, ""sentiment"": 0.81}"
6819c0b9-258e-44e6-9557-54611670be96,severity,Most the lyrics literally disappeared literally what's happening,catalog,complaint,3,catalog,complaint,4,"{""topic"": 1.0, ""intent"": 0.99, ""severity"": 0.56, ""sentiment"": 0.94}"
682b70ef-461c-4f7d-8cfc-811d18278f50,intent,"Fix your ads please, if I wanted to hear 6 ads before a song I would play music on YouTube",usability,complaint,2,usability,request,2,"{""topic"": 0.94, ""intent"": 0.56, ""severity"": 0.9, ""sentiment"": 0.91}"
6840707d-acc0-4207-ba5d-a082abfc18b9,severity,1 song then 15 minutes of 30 second ads,usability,complaint,2,usability,complaint,3,"{""topic"": 0.92, ""intent"": 1.0, ""severity"": 0.56, ""sentiment"": 0.87}"
68850b53-9d2e-4ff9-96dd-203b90a17d06,topic,"Worst app ever... It used to be a platform to enjoy music in the 'past'. But now all these latest features and updates has just ruined it. You cannot listen to a song on repeat, cannot go back to previous song, cannot play the part of your choice.. wahh it really sucks..",usability,complaint,4,billing,complaint,4,"{""topic"": 0.78, ""intent"": 0.99, ""severity"": 0.84, ""sentiment"": 0.97, ""quote"": 0.99}"
68bf2e9c-80e6-43a3-87f5-cf9df9edf5ec,topic,This is an awesome music site to listen and download music I've been with Spotify about over three years now awesome music listener downloader,downloads,praise,1,other,praise,1,"{""topic"": 0.47, ""intent"": 0.89, ""severity"": 0.99, ""sentiment"": 0.92}"
6943a659-4e0d-4f61-83e8-e1ba531b31fc,severity,Recovering alcoholics don't need to have ads for alcohol every few Songs. Extremely irresponsible and callous.,usability,complaint,2,usability,complaint,5,"{""topic"": 0.46, ""intent"": 0.99, ""severity"": 0.62, ""sentiment"": 0.76}"
698a653b-9672-4cdd-853e-6543ea03525f,severity,Ridiculous app.. Removing Song to support Child Killing Nation?,other,complaint,2,other,complaint,1,"{""topic"": 0.84, ""intent"": 0.8, ""severity"": 0.46, ""sentiment"": 0.92}"
6a107700-8b69-4323-8763-ec78649b9a5d,topic,Bed performance,other,complaint,2,playback,complaint,2,"{""topic"": 0.43, ""intent"": 0.95, ""severity"": 0.36, ""sentiment"": 0.89}"
6a5f7ffc-f6c9-40a9-acc0-ae67b893d28f,severity,Worst music app. This app is did not work properly.,other,complaint,4,other,complaint,2,"{""topic"": 0.5, ""intent"": 1.0, ""severity"": 0.39, ""sentiment"": 0.8}"
6aa892f7-5ca7-4f1f-818b-d097d3e75cbe,topic|severity,"What the heck is wrong with Spotify, que feature just disappear like that???like I can't even add songs to add and the list is not visible. What do you seriously want fr????!! Now do I have to buy Spotify premium just to add my songs in que?????????????????",usability,complaint,3,billing,complaint,4,"{""topic"": 0.66, ""intent"": 0.9, ""severity"": 0.45, ""sentiment"": 0.84, ""quote"": 0.49}"
6aaa56de-e7ec-4614-a2a5-707eeb603822,topic,It is the worst app everrrr! I can't even listen to a song of my own choice and can't play a particular part of a song . All I have to listen to the playlist given by spotify itself. I am very disappointed at this recent updates and going to delete it now .,usability,cancellation,4,playback,cancellation,4,"{""topic"": 0.83, ""intent"": 0.97, ""severity"": 0.82, ""sentiment"": 0.98, ""quote"": 0.97}"
6abef587-9240-4db3-82e8-51874206ab80,severity,Thieves,other,complaint,2,other,complaint,1,"{""topic"": 1.0, ""intent"": 0.5, ""severity"": 0.73, ""sentiment"": 0.85}"
6ac401d6-73fd-40b0-ae05-175655a2622f,severity,I have nothing to say but perfect but only one problem can't skip an add,usability,complaint,3,usability,complaint,2,"{""topic"": 0.84, ""intent"": 0.8, ""severity"": 0.37, ""sentiment"": 0.58}"
6b636eff-d66f-4b3c-93fc-79e2e760a9e7,intent,Reliable choices,other,praise,1,other,unclear,1,"{""topic"": 0.91, ""intent"": 0.75, ""severity"": 1.0, ""sentiment"": 0.86}"
6c2ccb56-8a4e-4526-b72a-c845917f5a99,topic,Love it I can taylor my music how I like,other,praise,1,usability,praise,1,"{""topic"": 0.53, ""intent"": 1.0, ""severity"": 1.0, ""sentiment"": 0.64}"
6c38a315-0c29-43b8-8267-1dc90a9c0770,intent|severity,Is vest app because it's doesn't do past so bad whynk better,other,praise,2,other,unclear,1,"{""topic"": 0.81, ""intent"": 0.41, ""severity"": 0.39, ""sentiment"": 0.18}"
6c59ec3b-be53-4456-af68-f88e725ea070,severity,Ya'll is really trynna charge people to skip a song. No ma'am.,billing,complaint,2,billing,complaint,3,"{""topic"": 0.89, ""intent"": 0.96, ""severity"": 0.47, ""sentiment"": 0.83}"
6c6f080b-bc12-4733-9610-772c092c2e2e,topic,"Nice app. If I didn't get ads that are repetitive, every playlist I click on theres an ad, I can't wait till you have to delete reviews because how much of a cash grab you all are disgusting in the industry. if anyone reads this don't give good reviews because your Playlist gets simple futures such ",usability,complaint,3,billing,complaint,3,"{""topic"": 0.71, ""intent"": 0.86, ""severity"": 0.65, ""sentiment"": 0.99, ""quote"": 0.56}"
6c6fedd8-59e9-4944-b0c1-320aae34909d,topic,App brought forth a diverse collection to listen n enjoy. Experience would be much more entralling if you enable the user to skip n choose the tracks anytime they want to. Suggest more personalized albums possibly on daily basis (at least on every other day if it's difficult to suggest such preferen,usability,request,1,catalog,request,1,"{""topic"": 0.54, ""intent"": 0.91, ""severity"": 0.76, ""sentiment"": 0.67, ""quote"": 0.7}"
6c9e7932-4668-4b55-b892-59cc5d5a6f3c,severity,"On premium, my only complaint is the ""suggestions"" at the end of my playlist. Easily turned off in settings. The free version? Godawful, bordering on CIA torture methods from the early 60s. Horrible, tedious, and petty. You don't make enough from premium users? Better off with the radio after the th",billing,complaint,3,billing,complaint,2,"{""topic"": 0.63, ""intent"": 1.0, ""severity"": 0.56, ""sentiment"": 0.53, ""quote"": 0.53}"
6cc7ee59-1d59-4774-8254-fb05e36bd816,topic,"Spotify has removed many of my favourite songs and in many of the songs, lyrics are not loading so this is the problem here. Edit: Everything is premium now?! What rubbish is this? Now there is limit going on about how many times I can select a song of my choice? Are you for real?! With this going o",catalog,cancellation,3,billing,cancellation,3,"{""topic"": 0.57, ""intent"": 0.99, ""severity"": 0.4, ""sentiment"": 1.0, ""quote"": 0.84}"
6cd92af6-5fa6-4d32-b0c1-22abdef7a25f,severity,"Love it but I feel like the interface could be better, especially when trying to find songs in a long list, and how it doesn't how your place on the list when you pick a song and the screen changes.. it's really annoying having to scroll all the way back down to where the song you chose was, instead",usability,complaint,2,usability,complaint,3,"{""topic"": 1.0, ""intent"": 0.8, ""severity"": 0.56, ""sentiment"": 0.75, ""quote"": 0.72}"
6d000314-2b4b-448b-9580-cb71d77d3478,intent,Are you.mad what kind of nonsense,other,complaint,1,other,unclear,1,"{""topic"": 1.0, ""intent"": 0.49, ""severity"": 0.6, ""sentiment"": 0.72}"
6d12b35b-425e-459e-bd81-d64790ae6558,topic,It's great I can listen to my sports podcast and music It's just great!! Awesome JOB.,catalog,praise,1,other,praise,1,"{""topic"": 0.46, ""intent"": 1.0, ""severity"": 1.0, ""sentiment"": 0.97}"
6d1d7138-3a35-4a5f-9f8b-76b0f677fefa,topic,Love this app! You can play ANY song!,catalog,praise,1,other,praise,1,"{""topic"": 0.92, ""intent"": 1.0, ""severity"": 1.0, ""sentiment"": 0.95}"
6d67c93b-5fe5-45fe-b7ec-3abc46fd9e52,intent|severity,I hate spotfi nd swedan i love islam,other,complaint,2,other,unclear,1,"{""topic"": 1.0, ""intent"": 0.79, ""severity"": 0.69, ""sentiment"": 0.8}"
6d6c656e-3143-4e69-a1b6-199c93654b87,intent,GET RID OF ADS I'M POOR,usability,request,2,usability,complaint,2,"{""topic"": 0.5, ""intent"": 0.39, ""severity"": 0.69, ""sentiment"": 0.77}"
6deefb58-dbb2-4530-a2e9-5e7b277525e1,severity,This app is stupid update so when you press a song it doesn't do a different song,playback,complaint,3,playback,complaint,4,"{""topic"": 0.53, ""intent"": 1.0, ""severity"": 0.47, ""sentiment"": 0.72}"
6e7d3405-6ca4-4709-837a-0c3fd1a3a183,severity,Don't mess up with my play list 😡😡😡😡.,usability,complaint,2,usability,complaint,3,"{""topic"": 0.89, ""intent"": 0.87, ""severity"": 0.39, ""sentiment"": 0.68}"
6e9991b9-d9f6-458b-8a9c-54e9d901e7a0,severity,I hate this AP and swiden,other,complaint,2,other,complaint,1,"{""topic"": 1.0, ""intent"": 0.86, ""severity"": 0.82, ""sentiment"": 0.89}"
6ee09719-cef8-4fc6-8532-a4d8dc89a892,severity,Will exit out randomly and loose location in pod casts or songs.,playback,complaint,3,playback,complaint,4,"{""topic"": 0.83, ""intent"": 1.0, ""severity"": 0.46, ""sentiment"": 0.96}"
6f510c83-61e4-42ec-8ae6-cafaa641784d,severity,very good app for premium members only,billing,complaint,2,billing,complaint,3,"{""topic"": 0.92, ""intent"": 0.75, ""severity"": 0.35, ""sentiment"": 0.47}"
6f98c56e-dc64-4db2-9395-e8673deb2018,severity,Premium version of the app works great but the free one socks,billing,complaint,2,billing,complaint,3,"{""topic"": 0.95, ""intent"": 0.51, ""severity"": 0.4, ""sentiment"": 0.84}"
6fcffa7b-a928-4fc9-9b45-183980158dab,intent|severity,I hate Switzerland apps,other,complaint,2,other,unclear,1,"{""topic"": 1.0, ""intent"": 0.89, ""severity"": 0.92, ""sentiment"": 0.68}"
700cc51a-ed09-4a7b-ae80-3f60892b41ea,severity,"Spotify is good but lately when playing a list after a few songs the queue goes back to the song I started with and restarts with a new queue (with repeated and new songs) hasn't done this before, I just like to play a list and listen from start to finish.",usability,complaint,3,usability,complaint,4,"{""topic"": 0.86, ""intent"": 1.0, ""severity"": 0.81, ""sentiment"": 0.84}"
701d7dd2-2845-450b-83c5-5b73bd5ae5b8,topic,"Love the streaming and song selection, however since I've upgraded to premium, the play bar is no longer available which defeats the point of paying for premium! I want a refund and issue fixed!",billing,complaint,4,playback,complaint,4,"{""topic"": 0.84, ""intent"": 0.81, ""severity"": 0.41, ""sentiment"": 0.78}"
703509f6-d49c-41da-8c3b-e802601b2ac5,topic,"I really love the app. It contains all the songs I need, and it's also easy to use.",other,praise,1,usability,praise,1,"{""topic"": 0.57, ""intent"": 1.0, ""severity"": 1.0, ""sentiment"": 0.68}"
709b2779-573f-45c5-9211-678d4c44a8b5,intent,Boicott,other,unclear,1,other,cancellation,1,"{""topic"": 1.0, ""intent"": 0.7, ""severity"": 0.9, ""sentiment"": 0.6}"
70b08497-7ff0-4c97-8b08-e545822f9456,topic|severity,It's a good app but the update screwed everything.,other,complaint,2,usability,complaint,3,"{""topic"": 0.26, ""intent"": 1.0, ""severity"": 0.42, ""sentiment"": 0.8}"
70b50308-c443-4d49-9bed-be182023a40a,severity,"Get rid of the tiktok style scrol thing please. It's stupid, and greedy and would Spotify please just get a working business model down?",usability,request,2,usability,request,3,"{""topic"": 0.9, ""intent"": 0.42, ""severity"": 0.86, ""sentiment"": 0.68}"
70bf4e45-d403-4894-81c2-edaf5596407f,topic,"This WAS definitely the best music app even without premium, because it provided good quality, short adds, etc. But with the new update free users can't to ANYTHING at all, whoever came up with the idea of limited skips, not being to see the next song, and always in shuffle mode , NEEDS to get fired",billing,cancellation,3,usability,cancellation,3,"{""topic"": 0.67, ""intent"": 0.41, ""severity"": 0.57, ""sentiment"": 0.74, ""quote"": 1.0}"
70eb59c1-f1cc-4369-b088-92d2284f47be,topic,Easy to use and a very diverse selection.,catalog,praise,1,usability,praise,1,"{""topic"": 0.39, ""intent"": 1.0, ""severity"": 1.0, ""sentiment"": 0.94}"
711f7ef9-3aba-4dc8-bc82-2e5c74f6618d,topic,"Lots and lots of advertisements, that is fine to an extent but why is it not regional specific? Majority of people in Spotify are from Bangalore and not even a single advertisement in kannada nor on browse play card (filter) for kannada songs option.",catalog,complaint,2,usability,complaint,2,"{""topic"": 0.35, ""intent"": 0.5, ""severity"": 0.8, ""sentiment"": 0.63, ""quote"": 0.0}"
712ab3d3-7a23-4d0e-98a3-dc4a5e77030e,severity,Aukat dekha di Spotify ne thu,other,complaint,2,other,complaint,1,"{""topic"": 0.85, ""intent"": 0.45, ""severity"": 0.49, ""sentiment"": 0.78}"
71326917-471d-4962-bc5c-1ddde42c6a34,topic,"I love it so much, thank you for recommending the spotify premium. I am amaze by the experience. Thank you",other,praise,1,billing,praise,1,"{""topic"": 0.44, ""intent"": 1.0, ""severity"": 1.0, ""sentiment"": 0.98}"
714a692e-ade3-4ab5-a519-b45687c9801d,topic,Love it get all the music you want,catalog,praise,1,other,praise,1,"{""topic"": 0.55, ""intent"": 1.0, ""severity"": 1.0, ""sentiment"": 0.75}"
714f4a67-4a5c-4591-90cc-93a4443e1926,topic,Very great for Saul Goodman and other song that are grate,other,praise,1,catalog,praise,1,"{""topic"": 0.61, ""intent"": 0.92, ""severity"": 0.95, ""sentiment"": 0.79}"
7196e818-bd7b-487f-852f-b77362a228f4,intent,"This is not Tiktok, the new UI sucks big time and you know it. Please put an option to set it back as before.",usability,complaint,2,usability,request,2,"{""topic"": 1.0, ""intent"": 0.45, ""severity"": 0.7, ""sentiment"": 0.59}"
71adf2df-2412-4843-a558-7ccb3380b40c,severity,"If you do not want to pay to listen to a song, search elsewhere. Unless you have premium you don't get to pick what song you listen to.",billing,complaint,1,billing,complaint,3,"{""topic"": 0.95, ""intent"": 0.89, ""severity"": 0.21, ""sentiment"": 0.78}"
71ff6473-addf-4f8f-bdb6-e1397141bd5c,topic,"Hey Spotify, just in case you needed to hear this.....neither i am buying your premium subscription nor i am letting my friends buy one. So good luck chasing us 🤌",billing,cancellation,1,other,cancellation,1,"{""topic"": 0.46, ""intent"": 0.89, ""severity"": 0.51, ""sentiment"": 0.87}"
725e6b9b-0c70-4841-bc49-2c3ee7beb312,topic,Not getting email,support,complaint,3,access,complaint,3,"{""topic"": 0.57, ""intent"": 0.9, ""severity"": 0.45, ""sentiment"": 0.96}"
727608cd-faeb-42ee-b518-e2e53f034a0f,intent|severity,this app is remove in pakistan,other,complaint,2,other,unclear,1,"{""topic"": 0.98, ""intent"": 0.25, ""severity"": 0.65, ""sentiment"": 0.59}"
727744a8-998b-43fb-aa95-288511ca9956,severity,The one thing i am not liking is their download features. I pay for premium which allows for downloads but they sure are happy to make downloading a single song a royal pain in the you know where. I shouldn't have to download whole albums or lists. I should be able simply find a song and click downl,downloads,complaint,3,downloads,complaint,4,"{""topic"": 1.0, ""intent"": 0.75, ""severity"": 0.61, ""sentiment"": 0.95, ""quote"": 0.44}"
72a84ee0-be19-4458-a046-8266afc54f60,topic,You can not play music of your choice. Spotify will randomly play anything,usability,complaint,4,playback,complaint,4,"{""topic"": 0.69, ""intent"": 1.0, ""severity"": 0.71, ""sentiment"": 0.93}"
72cd72e6-9561-4119-b80a-4ac1e9b76ffb,topic,Really enjoy playing what I like with no adverts.,other,praise,1,billing,praise,1,"{""topic"": 0.53, ""intent"": 1.0, ""severity"": 1.0, ""sentiment"": 0.62}"
72e29455-1689-45d0-92f6-ccf2abc9e776,severity,Spotify should stop adding songs to our playlists it's just so annoying when you would like to hear something different you have to listen to the added songs.,usability,complaint,2,usability,complaint,3,"{""topic"": 0.97, ""intent"": 0.94, ""severity"": 0.71, ""sentiment"": 0.98}"
72ec1bcf-8f1a-4fc0-8d73-c5b7cf580718,topic,I have Spotify 5 stars because there are no extra ads and the audio quality is very good 👍 there are all songs are available that's why I chosed Spotify and gave it 5 stars.,catalog,praise,1,other,praise,1,"{""topic"": 0.47, ""intent"": 1.0, ""severity"": 1.0, ""sentiment"": 0.97}"
7303bd4b-7097-4767-b727-893e0514e347,severity,Please stop putting in my sister's account i want to make my own,access,request,3,access,request,4,"{""topic"": 0.97, ""intent"": 0.79, ""severity"": 0.24, ""sentiment"": 0.87}"
73c24ba5-563d-41ee-a3b6-b08d83469bdc,severity,Ad ad ad ad ad ad ad AD AD AD AD AD AD TOO MANY ADVERTISEMENT THAT I'M LITERALLY SICK OF THIS APP I'M GONNA MOVE ON AND TO ALL NEWBEES DON'T RECOMMEND THIS APP ANY MOREEEEE I'M SICK SPOTIFY LET US LISTEN TO THE MUSIC I DIDN'T DOWNLOAD THIS APP TO LISTEN TO YOUR ADS. EVERY ADVERTISEMENT AFTER A SONG ,usability,cancellation,3,usability,cancellation,2,"{""topic"": 0.86, ""intent"": 0.87, ""severity"": 0.47, ""sentiment"": 1.0, ""quote"": 0.8}"
73d43913-f7c9-45e7-a517-017654372912,severity,"I love 💕 it, but one thing Is i can't go back in my son's,. And I can only do so much forwards turning on songs,, Other than that I'm so proud of Spotify. It's very good!",usability,complaint,2,usability,complaint,3,"{""topic"": 0.98, ""intent"": 0.49, ""severity"": 0.54, ""sentiment"": 0.82}"
742a6f16-8a14-49bd-9c7c-102c7b467316,severity,Showing me adds when I open the app as a paid subscriber is completely unacceptable.,billing,complaint,3,billing,complaint,4,"{""topic"": 0.9, ""intent"": 1.0, ""severity"": 0.25, ""sentiment"": 0.72}"
743e57b5-b15f-40b3-89fb-6fd6e3de1556,severity,I have been using Spotify for past to yera but now I hate hate hate the new features of Spotify I can't even play my songs in order now for that I need to buy the subscription really am uninstalling now .,billing,cancellation,3,billing,cancellation,4,"{""topic"": 0.74, ""intent"": 1.0, ""severity"": 0.61, ""sentiment"": 0.97}"
74fedb56-3346-4eae-9865-4b0f979cb18b,intent,"It's an awesome app compared to others I think. But there are some things which i hate like Heart (when liking a song it doesn't change to green , it doesn't work as expected ), Queues get removed after you close the app and open after days( they shouldn't get deleted keep em saved ). I would love i",usability,request,3,usability,complaint,3,"{""topic"": 1.0, ""intent"": 0.4, ""severity"": 0.82, ""sentiment"": 0.89, ""quote"": 1.0}"
758a71d9-f7a9-4569-a9ba-6dfadd8b36e1,severity,I hate this app and aweden /I love islam,other,complaint,2,other,complaint,1,"{""topic"": 1.0, ""intent"": 0.92, ""severity"": 0.52, ""sentiment"": 0.82}"
75f8e9b5-a271-4448-b5c6-52336c700aa5,intent,Sabas,other,unclear,1,other,praise,1,"{""topic"": 1.0, ""intent"": 0.96, ""severity"": 0.99, ""sentiment"": 0.5}"
76505c59-a773-4ff8-afc2-2a57cb58bf91,topic,"Last update was so bad in liked song no songs where showing its always being empty but i have 100+ songs and its showing outside, once i touched folder showing black screen",usability,complaint,4,catalog,complaint,4,"{""topic"": 0.71, ""intent"": 1.0, ""severity"": 0.69, ""sentiment"": 0.86}"
7664a5e8-e4cb-461d-aa8d-dac236e04835,severity,I hate this app and swedan but I love Islam,other,complaint,2,other,complaint,1,"{""topic"": 1.0, ""intent"": 0.99, ""severity"": 0.96, ""sentiment"": 0.59}"
7668c4db-dd8c-41b4-aafb-8f36f11d15a0,topic|intent|severity,Gajjab,billing,complaint,3,other,unclear,1,"{""topic"": 0.57, ""intent"": 0.97, ""severity"": 0.46, ""sentiment"": 0.61}"
7685d302-bd1a-40e6-a3d0-8802e34f4a3f,topic,"I've had a paid Spotify subscription for 20 years. Today, in the middle of the day all of a sudden I'm not allowed to listen to my Playlist without them being interrupted with reccomended songs. What overpaid clown board member thought this would be a good idea? Leave it alone.",billing,complaint,3,usability,complaint,3,"{""topic"": 0.39, ""intent"": 0.97, ""severity"": 0.64, ""sentiment"": 0.94, ""quote"": 1.0}"
7693b338-da9c-4d54-924f-e233b73faee3,topic,So easy to use and has a wide selection of songs to listen to but if you don't have premium you get ads interrupting you between each song every 5 minutes,billing,complaint,2,usability,complaint,2,"{""topic"": 0.78, ""intent"": 0.99, ""severity"": 0.44, ""sentiment"": 0.88}"
76d65ff7-f9b4-41ad-9005-27e3ded85f2f,topic,NO 5 STAR bc I was notified by the app that DJ is now available but when I clicked it I was pranked! it says DJ is not available in my country but why does other filipinos has access to it rn? some says its bc im not using apple device but bruh in your ads you aint using apple phones,billing,complaint,3,catalog,complaint,3,"{""topic"": 0.27, ""intent"": 0.99, ""severity"": 0.61, ""sentiment"": 0.82, ""quote"": 0.34}"
7740d4a4-51f9-41e7-ae6c-99dfc84a790d,topic|severity,It's trash. You have to wait a hoe hour for more skip,usability,complaint,2,billing,complaint,3,"{""topic"": 0.67, ""intent"": 1.0, ""severity"": 0.42, ""sentiment"": 0.72}"
775ee030-dfd3-45cf-a398-e5fb06ce97df,severity,Decent can't find my downloaded music Playlist,downloads,complaint,3,downloads,complaint,4,"{""topic"": 1.0, ""intent"": 0.97, ""severity"": 0.61, ""sentiment"": 0.66}"
7790860d-eae1-46a8-93b1-c85b0cef749b,intent,"I'm a Spotify user for years, the recent updates have completely ruined the experience. Its so annoying and frustrating to listen music on this app. They took away basic functionality and started asking premium membership for basic functionality ""like going on previous song"". I'm seriously consideri",billing,complaint,3,billing,cancellation,3,"{""topic"": 0.85, ""intent"": 0.66, ""severity"": 0.89, ""sentiment"": 0.68, ""quote"": 0.97}"
77f52ec9-26fa-424d-ab07-e2987254bba0,topic,So nice. And we'll organized app. I love ❤️😘 it.,usability,praise,1,other,praise,1,"{""topic"": 0.58, ""intent"": 1.0, ""severity"": 1.0, ""sentiment"": 0.97}"
78575846-1c06-472b-927d-cdd5e7b03f70,topic|intent,"I wish I could give 0 stars. I used to love Spotify, I never minded the ads or anything, but the fact that I cannot even listen to the full version of ONE SPECIFIC SONG anymore is ridiculous. Instead, you have to listen to an entire Playlist on shuffle until you get the one you actually wanted. I ge",playback,complaint,3,billing,cancellation,3,"{""topic"": 0.28, ""intent"": 0.66, ""severity"": 0.51, ""sentiment"": 0.98, ""quote"": 0.89}"
785758c1-2a0e-4fbf-86e2-a493b644dd09,topic,"I love it so much because it helps me with my favorite songs and The lyrics, yeah love it🌹",other,praise,1,catalog,praise,1,"{""topic"": 0.46, ""intent"": 1.0, ""severity"": 1.0, ""sentiment"": 0.8}"
7894c130-2537-4fec-86d5-c88902cc9628,topic,I use it because it was free and it Barry had add and now I get a add every song and I can't chose a song or even skin to the song I want to listen to and I'm 12 you think I have a card to send on and even if did I wodent spend ten dollars to listen to music.👎👎🤮🤮😡😡,billing,complaint,3,usability,complaint,3,"{""topic"": 0.41, ""intent"": 0.97, ""severity"": 0.46, ""sentiment"": 0.97, ""quote"": 1.0}"
78a92651-3946-49ef-880d-c2130d3a9ccb,severity,Apologize to LISA your error has became fan war and army attack LISA to sexual pls do something Spotify I hope you will do something for us,other,request,2,other,request,1,"{""topic"": 0.47, ""intent"": 0.64, ""severity"": 0.45, ""sentiment"": 0.76}"
78e8f7bb-6232-43e1-b29f-8f985ea263ab,intent|severity,Bastgood,other,unclear,1,other,complaint,2,"{""topic"": 1.0, ""intent"": 0.51, ""severity"": 0.44, ""sentiment"": 0.21}"
790f21a3-a8fb-4f1f-b5ab-387904e1a931,topic,Everytime I try searching for a song it takes forever to load or it shows no internet connection. But my internet is absolutely fine when using other apps. I've been experiencing this for a few months now . This is really irritating. The ad experience in this app itself is irritating enough and this,catalog,complaint,4,playback,complaint,4,"{""topic"": 0.57, ""intent"": 1.0, ""severity"": 0.45, ""sentiment"": 0.67, ""quote"": 1.0}"
791d57e7-305d-4c6e-aedb-56c1f7014362,intent,All my music select your number one artist,other,unclear,1,other,request,1,"{""topic"": 0.59, ""intent"": 0.84, ""severity"": 0.97, ""sentiment"": 0.72}"
7936b572-ed12-4bce-8baf-8e583f850093,severity,Don't even know why they keep this on playstore,other,complaint,2,other,complaint,1,"{""topic"": 1.0, ""intent"": 0.87, ""severity"": 0.96, ""sentiment"": 0.71}"
797422cd-a123-484d-bc0f-0915608ec881,severity,"When using Spotify premium it's the best music app out there, but there's better apps when listening normally.",billing,complaint,3,billing,complaint,2,"{""topic"": 0.93, ""intent"": 0.81, ""severity"": 0.45, ""sentiment"": 0.97}"
79b85809-bda3-420c-9171-a13271f7b776,severity,Bugs. Bugs. Bugs. Bugs.,other,complaint,2,other,complaint,3,"{""topic"": 0.63, ""intent"": 1.0, ""severity"": 0.36, ""sentiment"": 0.64}"
79c7bca4-bc61-4891-993b-b38998de5647,severity,"The mobile version absolutely stinks, there's like 5ads before a song and limited skips. Like for what?? The PC ver plays like 1-2 ads, plays playlists without random songs and without forcing you to shuffle, and with unlimited skips I'd rather listen to Spotify on my pc than on my phone and that's ",usability,complaint,2,usability,complaint,3,"{""topic"": 0.94, ""intent"": 0.92, ""severity"": 0.47, ""sentiment"": 0.74, ""quote"": 0.95}"
7a04a8ac-38c3-42b8-9d90-62f7e5865dfb,topic,Thank god Spotify got new update and lyrics and many more features are back into the free plan. I would have switched to some other app if it hadn't updated.,billing,praise,1,catalog,praise,1,"{""topic"": 0.31, ""intent"": 0.99, ""severity"": 0.94, ""sentiment"": 0.7}"
7a0796a7-fffc-414e-b2e6-ffed91d319cb,intent,Funny app,other,praise,1,other,complaint,1,"{""topic"": 1.0, ""intent"": 0.65, ""severity"": 0.92, ""sentiment"": 0.59}"
7a0a6d37-3657-424a-98c3-1a3039def2f9,severity,Cheap App From Cheap Country 🖐️Lanat,other,complaint,2,other,complaint,1,"{""topic"": 0.94, ""intent"": 1.0, ""severity"": 0.99, ""sentiment"": 0.91}"
7ab016f6-85ac-4676-96fb-b1519dfe836e,topic,After what you guys did in the new update Just think if you guys instead of getting more premium memberships loose more users and get bad ratings 💀,billing,complaint,2,other,complaint,2,"{""topic"": 0.57, ""intent"": 0.92, ""severity"": 0.62, ""sentiment"": 0.74}"
7b0e7826-fc6b-4718-8efc-2684b9dfa879,severity,"Spotify has worked great for me until recently. The app has become extremely slow and unusable despite my multiple attempts to fix the issue. The addition of the smart shuffle is extremely annoying, I activated it on accident and now I have to press the shuffle button multiple times when I want to s",usability,complaint,3,usability,complaint,4,"{""topic"": 0.47, ""intent"": 0.77, ""severity"": 0.4, ""sentiment"": 0.61, ""quote"": 0.88}"
7bad292e-4c8f-4de1-a7b7-489d3c3b146e,severity,"I think,there should be a way for two users to be ""friends"" or something like that,and for it to be possible to open a group session without the need to send a link,I use it on a daily basis,every time I have to send the link on WhatsApp and if one of us get a phone call or something we need to do t",usability,request,1,usability,request,3,"{""topic"": 1.0, ""intent"": 1.0, ""severity"": 0.75, ""sentiment"": 0.68}"
7c04c5a3-7081-413f-b2ad-555d3af20c6b,severity,💩💩💩💩,other,complaint,2,other,complaint,1,"{""topic"": 1.0, ""intent"": 0.73, ""severity"": 0.79, ""sentiment"": 0.97}"
7c2c2b88-0c86-4507-96ff-018e08d376d9,severity,Update karna nahi jante ho toh mat karo,other,complaint,2,other,complaint,1,"{""topic"": 0.76, ""intent"": 0.69, ""severity"": 0.84, ""sentiment"": 0.64}"
7c31c056-bbb7-491a-9951-dbb4eac2bb16,topic,extremely buggy,other,complaint,3,playback,complaint,3,"{""topic"": 0.6, ""intent"": 1.0, ""severity"": 0.41, ""sentiment"": 0.72}"
7c7fe435-22eb-4a0a-9e6b-fedce358bdb4,topic,I like the Playlists it makes for me. Deep catalog of musicians.,catalog,praise,1,usability,praise,1,"{""topic"": 0.59, ""intent"": 1.0, ""severity"": 1.0, ""sentiment"": 0.87}"
7cf44210-2210-4f9a-8b1e-6ec088f72ddb,severity,The new update's idea must have been pitched in during their meeting by Spotify's number one hater only. Who does things to reduce their ratings by themselves.,other,complaint,2,other,complaint,1,"{""topic"": 0.97, ""intent"": 0.96, ""severity"": 0.7, ""sentiment"": 0.73}"
7d34313e-5415-4b83-8034-5fa3e27a574a,intent|severity,It's good but u need to fix it,other,complaint,2,other,request,1,"{""topic"": 0.86, ""intent"": 0.37, ""severity"": 0.44, ""sentiment"": 0.96}"
7d89feb5-5321-4a99-aead-c38c8973fd33,severity,My first experience was bad. Now i like that you know ahead what I like. ( ps if you paid me 5 million dollars) I only give 5 stars to anyone when hell freezes over BE HAPPY GOOD SITE,other,complaint,2,other,complaint,1,"{""topic"": 0.71, ""intent"": 0.65, ""severity"": 0.45, ""sentiment"": 0.23}"
7dd76e9c-b651-46bc-98ae-bae14c379e36,topic,"Tidak bisa daftar ke premium, unable to connect terus padahal jaringan baik",access,complaint,4,billing,complaint,4,"{""topic"": 0.75, ""intent"": 1.0, ""severity"": 0.9, ""sentiment"": 0.82}"
7ed58d80-8069-4160-835f-c08b0b46872d,topic,I don't know if it's that way or a bug. But autoplay Is random in spotify. I want spotify to play any other similar songs after the chosen one. My settings are also Correct. But spotify randomly chooses to play or not play similar other songs. Mostly it just plays one song and again requires my inte,usability,complaint,3,playback,complaint,3,"{""topic"": 0.61, ""intent"": 0.41, ""severity"": 0.76, ""sentiment"": 0.86, ""quote"": 0.89}"
7f119754-7be9-4b14-b1a4-d8a423ccab4e,intent,Love the lyrics addition to but it needs to be updated more often some lyrics dont show otherwise class👏🎶,catalog,complaint,2,catalog,request,2,"{""topic"": 1.0, ""intent"": 0.39, ""severity"": 0.49, ""sentiment"": 0.66}"
7f385982-4bd7-4f11-b8cd-6018c94b7c0f,topic|severity,Let me actually listen to my songs you money hungry company,playback,complaint,4,billing,complaint,3,"{""topic"": 0.47, ""intent"": 0.97, ""severity"": 0.4, ""sentiment"": 0.77}"
7f527558-3dc7-4d02-a489-3939d5385e2f,severity,By making such updates you won't get subscriptions 😂😂😂😂 ( they think they are only music player available 😂) 🤣🤣🤣,other,complaint,2,other,complaint,1,"{""topic"": 0.43, ""intent"": 0.89, ""severity"": 0.52, ""sentiment"": 0.67}"
7f54ce33-08a1-4962-a09a-1f698409a731,topic,Sound is nice 👍👍,playback,praise,1,other,praise,1,"{""topic"": 0.52, ""intent"": 1.0, ""severity"": 1.0, ""sentiment"": 0.97}"
7f747daa-c577-4980-abaf-387828f9d3da,severity,"Spotify casually went from being one of the best music app to a trash bag which charges premium for basic features in a music app. Can't even listen to my favourite songs, can't select a particular area of the song, the ads were still good. The new update literally made the app worst. It's actually ",billing,complaint,3,billing,complaint,4,"{""topic"": 0.92, ""intent"": 0.96, ""severity"": 0.56, ""sentiment"": 0.93, ""quote"": 0.89}"
7f863a24-56b5-4f55-89da-f3b269b7d2f1,topic,Spotify is great but even better with premium!,billing,praise,1,other,praise,1,"{""topic"": 0.68, ""intent"": 0.99, ""severity"": 0.89, ""sentiment"": 0.72}"
7f971be1-fbfc-4e71-8424-3fc3ab0bc1bf,topic,Songs are streaming but when trying to search song getting no internet connection message,catalog,complaint,4,playback,complaint,4,"{""topic"": 0.63, ""intent"": 1.0, ""severity"": 0.42, ""sentiment"": 0.82}"
805054b6-9535-40ca-aa81-0800b3ba5670,intent,What happened to the recently played button ?,usability,complaint,3,usability,request,3,"{""topic"": 1.0, ""intent"": 0.62, ""severity"": 0.59, ""sentiment"": 0.58}"
8054a722-7fa1-46ed-82a0-70a7e57d8596,topic,Why even they give the playlist section for free plan listeners. That smart shuffle feature is just worst thing,billing,complaint,2,usability,complaint,2,"{""topic"": 0.46, ""intent"": 0.79, ""severity"": 0.5, ""sentiment"": 0.84}"
807129c5-f885-44f6-8cd2-68a925145777,intent,Next feature request: Pay to signup,billing,request,1,billing,complaint,1,"{""topic"": 0.81, ""intent"": 0.64, ""severity"": 0.61, ""sentiment"": 0.72}"
8077f633-d541-4a05-b853-5c9dbcddbc35,topic,Music very inspiring and a joy for my soul. I love it. This app is very easy to use and you can find any artist you want.,usability,praise,1,other,praise,1,"{""topic"": 0.39, ""intent"": 1.0, ""severity"": 1.0, ""sentiment"": 0.93}"
80b07725-c741-4515-89c6-e9a8804aaa5e,severity,"Haven't used this app for a very long time and I don't followed any changes, but before I was able to listen one song, I had to watch 8 (!) ads. Like 3 X 30 seconds and 5 X 15 seconds ad. The song was shorter than those ads",usability,complaint,2,usability,complaint,3,"{""topic"": 0.63, ""intent"": 1.0, ""severity"": 0.5, ""sentiment"": 0.82, ""quote"": 0.77}"
80ee90f1-a79e-40f1-a75d-b713f6eb53a4,intent|severity,I hate u lantiii app I love Allah ❤️ I love muhmmmad I love Islam,other,complaint,2,other,unclear,1,"{""topic"": 1.0, ""intent"": 0.97, ""severity"": 0.8, ""sentiment"": 0.51}"
8127b651-35b1-41ab-9b9d-c64e8975e456,intent,Cool❤️‍🔥❤️‍🔥❤️‍🔥❤️‍🔥❤️‍🔥,other,unclear,1,other,praise,1,"{""topic"": 1.0, ""intent"": 0.41, ""severity"": 1.0, ""sentiment"": 0.32}"
813c58d7-8e23-470b-a850-f5b06941c7fd,intent,This is the famous worst + cool app That is good,other,unclear,1,other,complaint,1,"{""topic"": 0.99, ""intent"": 0.55, ""severity"": 0.79, ""sentiment"": 0.93}"
817afd1f-638c-4fea-831e-be27e6a18359,intent,Dig it,other,unclear,1,other,praise,1,"{""topic"": 1.0, ""intent"": 0.85, ""severity"": 1.0, ""sentiment"": 0.65}"
8206f870-dda2-4fa8-a8d6-d0332d6b0d15,topic,"Won't Close. Since the upgrade, the stupid app won't close and is eating my data in the backgound. Have uninstalled and cancelled my account.",playback,cancellation,4,usability,cancellation,4,"{""topic"": 0.71, ""intent"": 0.99, ""severity"": 0.51, ""sentiment"": 0.99}"
820d9a66-623c-4945-aa47-27b6d7017a6a,severity,"Kinda annoyed that it when connected via bt it automatically starts playing if i turn the volume up even if i forcestop it, i play games and fant turn it up with it playing.",usability,complaint,3,usability,complaint,2,"{""topic"": 0.45, ""intent"": 0.97, ""severity"": 0.45, ""sentiment"": 0.96}"
824f7cfc-8507-47e4-a0cf-83d9d39102ee,topic,new updates are worst. gotta delete it now.,usability,cancellation,2,other,cancellation,2,"{""topic"": 0.76, ""intent"": 0.89, ""severity"": 0.5, ""sentiment"": 0.76}"
82d2254d-c31b-478c-80de-9cb94bf4db62,intent,"alway been the best streaming music player to me, been using for more than 5 years. I've had a problem recently where I was signed out with no way in and the customer service were nice and got me back to my account, appreciate whoever did that.",access,praise,4,access,complaint,4,"{""topic"": 0.75, ""intent"": 0.7, ""severity"": 0.8, ""sentiment"": 0.87, ""quote"": 1.0}"
832fa00d-3f2a-4dfc-a7d9-a75120bd75fa,intent,💪💪💪💪🔥🔥🔥🔥,other,praise,1,other,unclear,1,"{""topic"": 0.82, ""intent"": 0.45, ""severity"": 0.94, ""sentiment"": 0.24}"
8333dae0-5902-4a0d-83c0-d4cdfe8f1cb7,severity,Absolutely love Spotify! Will keep forever. Just wish it was easier to login when you forget your password.,access,complaint,1,access,complaint,3,"{""topic"": 0.98, ""intent"": 0.3, ""severity"": 0.25, ""sentiment"": 0.77}"
8357197c-717c-44e0-a689-74518aa54260,topic,I can't even rewind and play a specific part of my favorite songs,usability,complaint,3,playback,complaint,3,"{""topic"": 0.6, ""intent"": 0.99, ""severity"": 0.55, ""sentiment"": 0.95}"
8361e559-a843-40a9-9b1f-80080549d057,severity,It is too boring. Too much Premium,billing,complaint,3,billing,complaint,2,"{""topic"": 1.0, ""intent"": 1.0, ""severity"": 0.42, ""sentiment"": 0.84}"
840a5a95-881e-4bf9-a3fe-38659dd90671,severity,Most probably to future I tell you This application is destroy in Play Store,other,complaint,2,other,complaint,1,"{""topic"": 0.99, ""intent"": 0.92, ""severity"": 0.84, ""sentiment"": 0.9}"
84c4dc4b-914d-4f67-b73b-0dcd5c5367d3,severity,No one wants to use this app anymore because of the premium updates of this app,billing,complaint,2,billing,complaint,3,"{""topic"": 0.98, ""intent"": 0.87, ""severity"": 0.41, ""sentiment"": 0.62}"
84cac35a-f97c-49f0-94bb-d2b2788780bc,topic,This is one of the best ways listen to music and the premium prices aren't that expensive.,billing,praise,1,other,praise,1,"{""topic"": 0.7, ""intent"": 1.0, ""severity"": 1.0, ""sentiment"": 0.88}"
84d48b26-a14a-4dfd-8dbb-801ccff55da3,severity,New update is just hilarious,other,complaint,2,other,complaint,1,"{""topic"": 0.99, ""intent"": 0.69, ""severity"": 0.52, ""sentiment"": 0.68}"
84da5ae2-dc48-4e00-8caf-2443bf09255f,intent|severity,4.5 star because ab ads km aate h,usability,praise,1,usability,complaint,2,"{""topic"": 0.76, ""intent"": 0.97, ""severity"": 0.91, ""sentiment"": 0.84}"
856a3514-8027-4249-8b7e-b7ff1e020093,topic,It was the best app until the recent update,other,complaint,2,usability,complaint,2,"{""topic"": 0.77, ""intent"": 0.99, ""severity"": 0.82, ""sentiment"": 0.78}"
857b6852-13b6-499f-be79-4079de0d25dc,topic,Functional and very nice. User friendly too,usability,praise,1,other,praise,1,"{""topic"": 0.73, ""intent"": 1.0, ""severity"": 1.0, ""sentiment"": 0.93}"
8585c8e0-c424-46f0-9c25-a98cd148fa4a,topic,I pay for premium account and I can't even use the app properly because the now playing bar has disappeared.,usability,complaint,4,playback,complaint,4,"{""topic"": 0.84, ""intent"": 1.0, ""severity"": 0.54, ""sentiment"": 0.86}"
85a56180-3cad-4fd8-a54f-9acbede4eda9,topic,Love this app have all the songs I like to hear,other,praise,1,catalog,praise,1,"{""topic"": 0.52, ""intent"": 1.0, ""severity"": 1.0, ""sentiment"": 0.62}"
85b3caf4-1c50-4c58-8f81-4f7663ede46c,topic,This app is good for music. However I have a complaint. The play lists are always the same. Amazon music mixes up their music.,usability,complaint,2,catalog,complaint,2,"{""topic"": 0.61, ""intent"": 1.0, ""severity"": 0.8, ""sentiment"": 0.97}"
85f33eca-afe6-4bf3-b4a0-a383709fcacc,topic,"Better than Pandora, more selection",catalog,praise,1,other,praise,1,"{""topic"": 0.47, ""intent"": 1.0, ""severity"": 1.0, ""sentiment"": 0.98}"
865b1810-4013-4285-a91d-8e2a92e1ad22,topic,I love this app althogh i dont have premium it is still a good app for listening to music. You can find any of your favorite songs and you can listen to podcasts if you want. Also the music still plays when your on other apps and your in control so you can pause it or unpause it at anytime and close,playback,praise,1,usability,praise,1,"{""topic"": 0.35, ""intent"": 1.0, ""severity"": 1.0, ""sentiment"": 0.95, ""quote"": 0.41}"
86af32be-e976-4b82-ba0e-5bbab1194587,topic,"When will album art and new media player on Android 13 be fixed? Edit: random issues keep popping up now and then and need to clear storage to fix it. Just now my enhanced liked songs aren't loading at all, says No internet connection available",usability,complaint,4,playback,complaint,4,"{""topic"": 0.57, ""intent"": 0.68, ""severity"": 0.49, ""sentiment"": 0.93, ""quote"": 0.59}"
86df0cf9-d8eb-45c3-942c-9c8be48cc270,severity,I hate this application of swedon🖕🖕🖕🖕🖕🖕🖕🖕🖕🖕,other,complaint,2,other,complaint,1,"{""topic"": 1.0, ""intent"": 0.99, ""severity"": 0.99, ""sentiment"": 0.97}"
8757b2bf-856c-4747-8091-d696c115ffe2,topic,"This app is amazing, really I absolutely love it even tho I cant buy premium it's still awesome and there r a few ads without premium but they dont come in the middle of the song only once it ends. I highly recommend even if u cant buy premium like me",other,praise,1,usability,praise,1,"{""topic"": 0.29, ""intent"": 1.0, ""severity"": 0.9, ""sentiment"": 0.89, ""quote"": 0.96}"
877f43ce-b2e5-4619-894e-3cdadb237357,topic,I love the application but I hate the robotic voice of the reader it was just simply awful,usability,complaint,2,other,complaint,2,"{""topic"": 0.66, ""intent"": 0.97, ""severity"": 0.91, ""sentiment"": 0.96}"
884f62bc-f6be-49f1-9b06-acc38ff8ebd2,severity,",,😡😡😡😡😡😡😡",other,complaint,2,other,complaint,1,"{""topic"": 1.0, ""intent"": 0.57, ""severity"": 0.47, ""sentiment"": 0.82}"
88803734-4d17-49df-8f4b-c725e3541442,topic,So much music for free it's incredible,other,praise,1,catalog,praise,1,"{""topic"": 0.46, ""intent"": 1.0, ""severity"": 1.0, ""sentiment"": 0.88}"
88b82dbc-6b7c-41ab-8b43-1b95b27a8af8,topic,Excellent all the music you could wish for...,catalog,praise,1,other,praise,1,"{""topic"": 0.68, ""intent"": 1.0, ""severity"": 1.0, ""sentiment"": 0.93}"
88c91634-b4c1-4213-8112-489878258804,severity,This app is. Very good but the only problame is that I don't my personal choice favorites,usability,complaint,2,usability,complaint,3,"{""topic"": 0.73, ""intent"": 0.76, ""severity"": 0.37, ""sentiment"": 0.7}"
88d2582e-e6d4-47ee-b8b4-2c6c5b7f5944,severity,"Spotify Is Used To Play Songs, But Now We're Just Using Is Just For Freaking Ads.",usability,complaint,2,usability,complaint,3,"{""topic"": 0.35, ""intent"": 1.0, ""severity"": 0.42, ""sentiment"": 0.66}"
88fd2915-f74c-438c-8def-a3c8d7a822ad,severity,"the app is so unreliable it's almost unusable half the time. when it works, it works fine. when it doesn't work, it may start working again at any moment or it may be unusable for two days.",playback,complaint,3,playback,complaint,4,"{""topic"": 0.94, ""intent"": 1.0, ""severity"": 0.41, ""sentiment"": 0.74}"
8908ed0f-3eaf-46f9-927d-87dc0a26e2a1,topic,ابلكيشن كويس جدا الاغاني المرفوعه الكواليتي بتاعتها كويسة جدا في الاغاني العربية عكس انغامي اللي المفروض ابلكيشن يخص الاغاني العربية ومليان مشاكل في كواليتي صوت الاغاني ناقص بس اغاني والبومات عربية بسيطة وتبقي الافضل علي الاطلاق في مصر والوطن العربي دون منافس,catalog,praise,1,playback,praise,1,"{""topic"": 0.39, ""intent"": 0.99, ""severity"": 0.94, ""sentiment"": 0.87}"
8992670c-e2f7-46df-bdd4-8d1aea44da60,intent,Signing out from Spotify,access,unclear,1,access,cancellation,1,"{""topic"": 0.97, ""intent"": 0.41, ""severity"": 0.87, ""sentiment"": 0.9}"
8ab7a769-2d2e-48a9-95ae-052138e85698,topic|severity,Sudhar jao bsdkwalo,other,complaint,2,access,complaint,1,"{""topic"": 0.99, ""intent"": 0.87, ""severity"": 0.85, ""sentiment"": 0.93}"
8b06d2ff-034f-4f8b-a821-411f309f6fb7,topic,Works well... Easy to use and has all the music I like.,usability,praise,1,other,praise,1,"{""topic"": 0.7, ""intent"": 1.0, ""severity"": 1.0, ""sentiment"": 0.95}"
8b2b194f-bd12-496a-93ee-347e67c2cddd,topic,"Una decepción que una plataforma tan grande sea tan poco profesional y tenga que tapar logros de un artista para hacer sobresalir a otros, las reglas aplican para todos no para unos cuantos...",other,complaint,3,catalog,complaint,3,"{""topic"": 0.69, ""intent"": 1.0, ""severity"": 0.39, ""sentiment"": 0.6}"
8b8836d8-348c-42f8-8bcb-a5231b808566,intent,"Before sharing premium with my family members, those ads are really annoying. But after having premium, its actually fun listening to music. So if you can afford premium yourself, try to share it with family or friends 😁",billing,praise,2,billing,complaint,2,"{""topic"": 0.62, ""intent"": 0.69, ""severity"": 0.68, ""sentiment"": 0.67, ""quote"": 0.37}"
8bb09808-9e10-4717-9480-7b3cd080632c,topic|severity,Spotify since 2011 it's always been my favorite. But the very minute you miss your premium subscription bill it's right back to the ads. And there are lots of ads in between the music it's clever but all of the ads are about having ads.,billing,complaint,3,usability,complaint,2,"{""topic"": 0.93, ""intent"": 0.97, ""severity"": 0.44, ""sentiment"": 0.73, ""quote"": 0.7}"
8bd486bf-0aaa-44b7-b78a-b85996b17b4f,intent,The not paid version have become really uncomfortable and non user friendly can't even stop shuffle or skip songs in between. U guys make it more user friendly or else ppl will stop using this fr,usability,request,3,usability,complaint,3,"{""topic"": 0.58, ""intent"": 0.37, ""severity"": 0.91, ""sentiment"": 0.95}"
8c0c7d56-4ddf-4377-a2c2-84c878ecac9e,topic,I love it ❤️ I can choose my own music I love to listen too,usability,praise,1,other,praise,1,"{""topic"": 0.36, ""intent"": 1.0, ""severity"": 1.0, ""sentiment"": 0.69}"
8c688d4f-41e2-4555-bb3a-397084bdba0f,severity,The only reason I have given 1 star is because I can't give them in negative. This WAS the best app. Emphasis on WAS. Now everything needs to be bought. Even the basic of features. Songs can't be played from beginning. Nor can they repeat them. This is the worst. And we thought Spotify was better th,billing,cancellation,3,billing,cancellation,4,"{""topic"": 0.77, ""intent"": 0.97, ""severity"": 0.42, ""sentiment"": 0.99, ""quote"": 0.42}"
8c9099b9-a1e9-4458-b113-d8e4822f0d6d,severity,Since 5 yrs i am using and now uinstalling Due to u r government decision..,other,cancellation,2,other,cancellation,1,"{""topic"": 0.89, ""intent"": 1.0, ""severity"": 0.39, ""sentiment"": 0.9}"
8d092f33-cb98-4229-b8a0-19f80bf25fa7,severity,Keep playing songs I have no interested on.,usability,complaint,2,usability,complaint,3,"{""topic"": 0.65, ""intent"": 0.85, ""severity"": 0.45, ""sentiment"": 0.97}"
8d52c1a2-7253-45b9-9b05-f3ff1066782f,topic|severity,"Recent updates has ruined everything. This app was my favourite app for listening to songs and now I m disappointed with it...guess greed has taken over to do petty things. Edit: Thank you for giving back playback features. Edit: crappiest update ever, rather take down your app if you can't even pro",billing,complaint,3,playback,complaint,4,"{""topic"": 0.37, ""intent"": 0.47, ""severity"": 0.35, ""sentiment"": 0.48, ""quote"": 0.7}"
8d80d1e3-e0e0-4629-b1f0-02e7819e6c26,intent|severity,This plop,other,complaint,2,other,unclear,1,"{""topic"": 1.0, ""intent"": 0.42, ""severity"": 0.55, ""sentiment"": 0.46}"
8d9c39e8-7d3a-42e2-9bc2-331433706051,topic,Broo I can't skip the lyrics I'm giving this 4 And The Ads Is getting to often And i cant even sing Because The Lyrics doesnt Show up like every time i go to some Artist songs like Ariana grande The lyrics Doesnt Show up Im changing it To 1 and deleting it,catalog,complaint,3,playback,complaint,3,"{""topic"": 0.65, ""intent"": 0.89, ""severity"": 0.45, ""sentiment"": 0.71}"
8e08b438-9495-4cfa-9618-0365da20d310,severity,Abe kutto kya jabardasti hai kya tumhra premium khridana uninstall karna ye app,billing,cancellation,2,billing,cancellation,3,"{""topic"": 0.93, ""intent"": 0.86, ""severity"": 0.27, ""sentiment"": 0.93}"
8e17c0b5-e8c6-4990-8deb-6c1bf69cd04f,topic|severity,Downgrading to one star. Enjoy paying for a thing that doesn't work.,other,complaint,3,billing,complaint,4,"{""topic"": 0.28, ""intent"": 0.91, ""severity"": 0.3, ""sentiment"": 0.82}"
8e1abe1b-c7fb-4db5-b97a-e86b8f416c35,topic,Perfect for all types of music!,catalog,praise,1,other,praise,1,"{""topic"": 0.47, ""intent"": 1.0, ""severity"": 1.0, ""sentiment"": 0.69}"
8e2e65d2-df3d-45b2-884d-bb3bae4d1eac,topic|severity,I pay for this yet I have to listen to two of the same targeted advertisement in a row before and randomly during my podcasts. It's disgusting.,billing,complaint,3,usability,complaint,2,"{""topic"": 0.74, ""intent"": 1.0, ""severity"": 0.59, ""sentiment"": 0.7}"
8e3ed570-efdc-43e3-8fc4-8dab54e630dd,topic,Was the best free music streaming app after the latest update it turned into the worst music streaming app,billing,complaint,2,other,complaint,2,"{""topic"": 0.53, ""intent"": 0.99, ""severity"": 0.39, ""sentiment"": 0.87}"
8e8aa53f-5e60-47d8-8b28-d7be7700d64e,severity,"This used to be the best music app ever.. But these updates enables even the most basic features like, you can't listen to same song more than like 5 times a day, you can't put on shuffle and and listen to specific parts of the song, etc... Gonna uninstall it",billing,cancellation,4,billing,cancellation,3,"{""topic"": 0.82, ""intent"": 0.99, ""severity"": 0.54, ""sentiment"": 0.94, ""quote"": 1.0}"
8f0156c4-5528-46f2-963d-56b9e85640bf,intent,"Please stop adding songs to my playlist 🙏 , you are ruining my day with those songs",usability,complaint,3,usability,request,3,"{""topic"": 1.0, ""intent"": 0.71, ""severity"": 0.51, ""sentiment"": 0.79}"
8f912934-f246-4a8c-9f6d-53611b115654,topic,New update suck😡😡,other,complaint,2,usability,complaint,2,"{""topic"": 0.9, ""intent"": 1.0, ""severity"": 0.96, ""sentiment"": 0.68}"
8f929a4b-4c60-49ac-87dd-1f7149d3675e,topic,Please improve the group sessions so that can listen with friends.,usability,request,1,other,request,1,"{""topic"": 0.97, ""intent"": 1.0, ""severity"": 1.0, ""sentiment"": 0.75}"
8fc422bd-9bfd-41af-940d-2b2dd66d5848,intent,i am only here for Distractable podcast,catalog,unclear,1,catalog,praise,1,"{""topic"": 0.71, ""intent"": 0.4, ""severity"": 0.99, ""sentiment"": 0.82}"
8fce5639-6e9c-43ba-b648-9a7ad4c48da4,topic,"At first it was running so smoothly but after 2 months I couldn't be able to play any , whenever I opened any album they show that it is empty",playback,complaint,4,catalog,complaint,4,"{""topic"": 0.68, ""intent"": 1.0, ""severity"": 0.97, ""sentiment"": 0.75}"
9024bd8d-223c-4dfb-b596-8c74cadfb3d0,severity,WHAT THE HELL YOU GUYS HAVE DONE,other,complaint,2,other,complaint,1,"{""topic"": 0.97, ""intent"": 0.84, ""severity"": 0.7, ""sentiment"": 0.93}"
9052547e-7a3e-4888-a4ca-6a95276d7ba6,severity,"His ""WAS"" the best app ever but the new update was just yuck 🤮🤮 we can't play our favourite part of the song also the song doesn't play in the queue. I request please spotify remove the new update and bring the previous update otherwise you guys will just bankrupt",usability,complaint,4,usability,complaint,3,"{""topic"": 0.29, ""intent"": 0.47, ""severity"": 0.65, ""sentiment"": 0.93, ""quote"": 0.98}"
905412fb-b817-4ab8-9ada-edb7276ea6a8,severity,I wish I could somehow see what songs I've heard before. I'm going through a 69 hour playlist and it's hard to keep track of my place in the playlist and on random setting I'll never know if I heard all the songs. Or sometimes I don't remember if I've heard a playlist or album before or just parts o,usability,request,1,usability,request,3,"{""topic"": 0.99, ""intent"": 0.86, ""severity"": 0.22, ""sentiment"": 0.6, ""quote"": 0.79}"
9061d9b8-de83-4e3c-b64e-3ce1d0f51076,severity,"Took away local file use, which is half the reason I used this, so guess it's time to switch to YouTube Music.",downloads,cancellation,3,downloads,cancellation,4,"{""topic"": 0.85, ""intent"": 0.99, ""severity"": 0.64, ""sentiment"": 0.77}"
90d44135-6479-4328-8c11-859e03384445,intent|severity,I really really really love Spotify but this bug is just sooo frustrating. When I share lyrics to my Instagram story it has unnecessary spaces between the lyrics. Please please please fix this,usability,complaint,3,usability,request,2,"{""topic"": 0.95, ""intent"": 0.4, ""severity"": 0.51, ""sentiment"": 0.79}"
90f22ead-7f3f-4efd-9c96-9c919a9616a2,intent,Please don't be download for the app hunahi money for me no problem I love it when 3,other,unclear,1,other,praise,1,"{""topic"": 0.44, ""intent"": 0.36, ""severity"": 0.87, ""sentiment"": 0.52}"
91121c7b-ca12-41dc-ac9a-fade39466e1c,topic|severity,Why does music play from Spotify when I open my alarm app. Also calender notifications even when Spotify isn't approved to play. I have a Samsung Galaxy A70. Very annoying.,usability,complaint,2,playback,complaint,3,"{""topic"": 0.7, ""intent"": 0.95, ""severity"": 0.52, ""sentiment"": 0.98}"
9191414e-0418-4b35-9e33-2d07a0fbfa34,topic|severity,Worst app now they don't allow to jump bank. You have no other option but to listen to whole song. First they removed the lyrics option and tha was fine. Now watch me use mod app,billing,complaint,3,usability,complaint,4,"{""topic"": 0.37, ""intent"": 0.75, ""severity"": 0.66, ""sentiment"": 0.91}"
91c252de-fc63-4a5d-aef6-9304bf982338,topic|intent,"It is with a heavy heart and a dispirited playlist that I write this review about Spotify's most recent update, a tune that has left many of us loyal listeners disenchanted and longing for the features we once cherished. It appears that in an attempt to refine the user experience, Spotify has taken ",billing,request,3,usability,complaint,3,"{""topic"": 0.45, ""intent"": 0.56, ""severity"": 0.52, ""sentiment"": 0.82, ""quote"": 0.86}"
91da3552-70ca-49c4-9917-fc1d05820d12,topic|intent|severity,Add disturbing always,other,unclear,1,usability,complaint,2,"{""topic"": 0.76, ""intent"": 0.59, ""severity"": 0.79, ""sentiment"": 0.31}"
91e91283-bd07-4990-aabc-2e2a38ff8a91,topic,"You can just download the mod apk. Just search spotify mod apk for android. It will be free premium. Although it will take time to login, don't login directly through google use your email or phone number. Hope it helps",billing,request,1,other,request,1,"{""topic"": 0.39, ""intent"": 0.71, ""severity"": 0.62, ""sentiment"": 0.32, ""quote"": 0.37}"
920490ff-628f-474c-b797-0aa137cfb2ea,intent,🥰🥰🥰🥰🥰🥰🥰👑🥰🥰🥰🥰👑♨️♨️♨️🥰🥰🥰🥰🥰♨️♨️♨️♨️🥰🥰🥰🥰♨️♨️♨️🥰🥰😘😘😘😘😘😘😘😘😘😘😘❤️💪🏼,other,praise,1,other,unclear,1,"{""topic"": 1.0, ""intent"": 0.68, ""severity"": 1.0, ""sentiment"": 0.92}"
9239283e-59e6-4ce8-a604-aa4456e64521,intent,Works good aslong as you get premium,billing,praise,3,billing,complaint,3,"{""topic"": 0.94, ""intent"": 0.36, ""severity"": 0.5, ""sentiment"": 0.69}"
924aa302-34bf-4a78-952a-748f25ed025a,topic,Great music. Easy to use,usability,praise,1,other,praise,1,"{""topic"": 0.57, ""intent"": 1.0, ""severity"": 1.0, ""sentiment"": 0.85}"
925244f9-6b10-457a-8fc5-5de7d3bbf9de,topic,محدوده الاغاني في يوم واحد عن طريق الانترنت,billing,complaint,3,playback,complaint,3,"{""topic"": 0.3, ""intent"": 0.71, ""severity"": 0.49, ""sentiment"": 0.68}"
92839e37-baa5-44f5-8a4b-e3bc3c3dbd7c,severity,I used to love this app but recently taking out the queue feature made me to hate it. Also I can't seek inbetween the current playing songs. That is so frustrating. So sadly I am going to stop using this app.,usability,cancellation,3,usability,cancellation,4,"{""topic"": 1.0, ""intent"": 1.0, ""severity"": 0.65, ""sentiment"": 0.76, ""quote"": 0.76}"
92a1f960-61c7-4d02-8111-ff916917e45f,topic,"What the hell do you want now,at first we watch ads and now even moving a song is impossible. I stopped listening in it",billing,cancellation,4,usability,cancellation,4,"{""topic"": 0.67, ""intent"": 0.66, ""severity"": 0.44, ""sentiment"": 0.98}"
93303b61-dfb8-4659-9299-cfaf0407b574,severity,1 star for such coward app who support bullies and openly encourange huge fandom to slutshame another girl! Apologize to Lisa now! Lilies will not let this go just like that!,other,complaint,2,other,complaint,1,"{""topic"": 0.97, ""intent"": 0.57, ""severity"": 0.56, ""sentiment"": 1.0}"
933d6769-3c1d-4924-948d-970d50681f47,topic,"I use this app a lot, it's very good, except for one issue I've had for the past month. When I try to play my Playlist it plays recommended songs instead. I've turned off the auto play or whatever but no matter what I do It always plays songs I don't like, and haven't added to my playlists nor liked",usability,complaint,3,playback,complaint,3,"{""topic"": 0.43, ""intent"": 1.0, ""severity"": 0.87, ""sentiment"": 0.78, ""quote"": 1.0}"
93853999-9320-429a-b0d8-861e48714e37,severity,I hope the Owner dies And I am not downloading this app ever again deleted from almost 19 devices and still working hard to delete it and giving it 0 star after what they did in sweden,other,cancellation,2,other,cancellation,1,"{""topic"": 1.0, ""intent"": 0.95, ""severity"": 0.5, ""sentiment"": 1.0}"
93e30597-8142-4811-b7cc-ce73617c1fa6,topic,So much easier to find music and no ads😃,usability,praise,1,other,praise,1,"{""topic"": 0.7, ""intent"": 1.0, ""severity"": 0.99, ""sentiment"": 0.7}"
9419b0b7-58be-4a7f-8a2a-d5b6e62c5da5,intent|severity,Best to the worst 🥴,other,complaint,2,other,unclear,1,"{""topic"": 0.94, ""intent"": 0.87, ""severity"": 0.82, ""sentiment"": 0.68}"
94329fa6-6c6b-4a80-927b-1128d7bd2c40,severity,🤮🤮🤮🤮🤬🤬,other,complaint,2,other,complaint,1,"{""topic"": 1.0, ""intent"": 0.8, ""severity"": 0.82, ""sentiment"": 0.99}"
9441e039-d3de-486a-99dc-b0860cf587d3,topic|severity,The WORST removing streams ain't good,other,complaint,2,catalog,complaint,3,"{""topic"": 0.43, ""intent"": 1.0, ""severity"": 0.39, ""sentiment"": 0.79}"
946ec73d-7f5a-4c95-958b-178e19c08032,intent|severity,Boy coot😡😡😡,other,cancellation,2,other,unclear,1,"{""topic"": 1.0, ""intent"": 0.39, ""severity"": 0.54, ""sentiment"": 0.82}"
94b58df8-9e8c-4d7f-90cc-356b83e64dd5,topic,"I love this, however I can't seem to forward it,and it has to many ads",usability,complaint,3,playback,complaint,3,"{""topic"": 0.95, ""intent"": 0.99, ""severity"": 0.71, ""sentiment"": 0.85}"
94e0ca51-13b9-49b5-aecd-5f50da557e5a,intent,boycott all sweden apps because swe government given permission to burn Holybook quraan.,other,cancellation,1,other,unclear,1,"{""topic"": 1.0, ""intent"": 0.22, ""severity"": 0.89, ""sentiment"": 0.88}"
95516558-a077-4df2-a98e-30c001b37589,topic,I love being able to find music and create playlists in premium with no ads. My original comment above was posted in 2017. I'm still loving Spotify in 2022.,billing,praise,1,other,praise,1,"{""topic"": 0.36, ""intent"": 1.0, ""severity"": 1.0, ""sentiment"": 0.88}"
957763ee-444f-40a9-87a1-38c50a2b6f6c,topic,This has great music combo,other,praise,1,catalog,praise,1,"{""topic"": 0.61, ""intent"": 1.0, ""severity"": 1.0, ""sentiment"": 0.91}"
957beebe-c9a3-438f-891b-cd9b0b9fed81,severity,Bekar bakwas,other,complaint,2,other,complaint,1,"{""topic"": 1.0, ""intent"": 0.86, ""severity"": 0.97, ""sentiment"": 0.71}"
95870909-1c55-4321-b894-1405c4de27a7,topic,Please open the Spotify something went worng please open the Spotify app,access,complaint,4,playback,complaint,4,"{""topic"": 0.52, ""intent"": 0.57, ""severity"": 0.47, ""sentiment"": 0.71}"
95c588a7-ff1e-49df-ae88-ccdbe87c3de1,topic,Adds the big headache otherwise all good,usability,complaint,2,other,complaint,2,"{""topic"": 0.86, ""intent"": 0.99, ""severity"": 0.96, ""sentiment"": 0.87}"
95d7d00e-76c0-4f0b-9e83-abaa5a4e5f24,severity,"It is an awesome app, but if don't want pay for premium and choose free then there will be ads and that just sucks. They say 30 minutes of no ads but after 2 songs you get so many ads in one! TOO MANY ADS! Premium is garbage and Spotify can't spare any exspense at all because there cheap!",billing,complaint,2,billing,complaint,3,"{""topic"": 0.75, ""intent"": 0.99, ""severity"": 0.6, ""sentiment"": 0.61, ""quote"": 0.27}"
962280d7-15ec-4842-87b9-235a0f55fee1,topic|severity,Unable to fast-forward song & replay it..Auto shuffle cannot be turned off. Disappointed since last update!,usability,complaint,3,playback,complaint,4,"{""topic"": 0.94, ""intent"": 1.0, ""severity"": 0.84, ""sentiment"": 0.99}"
965e8edd-912d-47ad-b3df-fbaa894baf69,topic|intent,Love for app a year but latest updates quite app,other,complaint,2,usability,cancellation,2,"{""topic"": 0.5, ""intent"": 0.61, ""severity"": 0.6, ""sentiment"": 0.75}"
9666e9fe-0bc2-4e4c-8842-2162be0b6610,severity,I am Musalman I hate your app😡😡,other,complaint,2,other,complaint,1,"{""topic"": 1.0, ""intent"": 0.96, ""severity"": 0.92, ""sentiment"": 0.94}"
96ce307a-3b7c-4cee-93bf-6a2c326ef6a0,topic,Haven't had any issues yet. Have been using for over a month and no skipping or pause and restarts.,other,praise,1,playback,praise,1,"{""topic"": 0.57, ""intent"": 1.0, ""severity"": 1.0, ""sentiment"": 0.86}"
96d859e2-9b04-46e9-9573-76708462efb3,severity,"Agen i have to update my password. You are not my bank I don't want to update every month , stop this",access,complaint,3,access,complaint,2,"{""topic"": 1.0, ""intent"": 0.86, ""severity"": 0.47, ""sentiment"": 0.71}"
970989d4-afdc-4501-ba7b-f5b03e3f8983,topic,I love it hd sounds is great 🤩,other,praise,1,playback,praise,1,"{""topic"": 0.77, ""intent"": 1.0, ""severity"": 1.0, ""sentiment"": 0.9}"
97415fd4-2855-4cd5-8781-9be8dea43304,topic,Very amazing even without premium there's rarely any ads highly highly recommended,other,praise,1,usability,praise,1,"{""topic"": 0.41, ""intent"": 1.0, ""severity"": 1.0, ""sentiment"": 0.96}"
97610133-41f8-478c-a4d3-de979039c25b,topic,Useless update. All basic features removed.,billing,complaint,3,usability,complaint,3,"{""topic"": 0.78, ""intent"": 1.0, ""severity"": 0.84, ""sentiment"": 0.83}"
9787a510-0b1f-4491-a86d-4725c6795682,topic,This aap is very nice l really love listings songs,catalog,praise,1,other,praise,1,"{""topic"": 0.45, ""intent"": 1.0, ""severity"": 1.0, ""sentiment"": 0.93}"
97a8e38b-d89c-4820-aaa0-3b612151c363,topic,Try resso best app for song less ads Spotify more than ads,other,complaint,2,usability,complaint,2,"{""topic"": 0.46, ""intent"": 0.6, ""severity"": 0.39, ""sentiment"": 0.35}"
97b55629-0fae-4d50-9825-37189fe2cff8,severity,Very pathetic county who delp this app and very disgusting app,other,complaint,2,other,complaint,1,"{""topic"": 1.0, ""intent"": 0.99, ""severity"": 0.97, ""sentiment"": 0.94}"
98633b27-d79f-4425-9af7-062ed1e9d91c,intent,"I can't even trun off shuffle now without a premium account,it's much Spotify I was okay with the ads but now, this please do something Allow free account users to turn off shuffle please!",billing,complaint,3,billing,request,3,"{""topic"": 0.85, ""intent"": 0.42, ""severity"": 0.9, ""sentiment"": 0.96}"
98f63791-63bd-4345-8b6a-bf7828db095d,topic,I just upgraded my phone and Spotify is all different 🙄 can't see my playlis as it was and when I tried to play my favourite song is plays different song 🤔,usability,complaint,4,playback,complaint,4,"{""topic"": 0.59, ""intent"": 1.0, ""severity"": 0.55, ""sentiment"": 0.95}"
9923fe7d-3666-4690-8337-f98eea600b2c,severity,"I swear its too restricting, spotify was a lot better before the update.",usability,complaint,2,usability,complaint,3,"{""topic"": 0.69, ""intent"": 0.95, ""severity"": 0.55, ""sentiment"": 0.97}"
992f40c1-2d64-4ca0-a8c2-d9f9fce1850b,severity,"Where did the pause button go? I've used the app for over a year, mostly for listening to educational podcasts. Now, I can start playing, but the bar that allowed me to pause or stop is gone! What the heck? Prior to this, I'd have said 5 stars. Now, not so much. Hoping it's simply a glitch, and will",usability,complaint,3,usability,complaint,4,"{""topic"": 0.99, ""intent"": 0.76, ""severity"": 0.59, ""sentiment"": 0.65, ""quote"": 0.7}"
9931b9f4-2db6-4b2e-90e2-10ebe24717be,severity,Youtube is alot better. I only have spotify for Joe Rogans podcast,other,complaint,2,other,complaint,1,"{""topic"": 0.54, ""intent"": 0.71, ""severity"": 0.54, ""sentiment"": 0.58}"
99420424-7310-422b-8d30-011c62569ec9,topic,Love it still trying to figure out how it works.,usability,praise,1,other,praise,1,"{""topic"": 0.5, ""intent"": 0.97, ""severity"": 0.99, ""sentiment"": 0.9}"
99810965-0b78-4f3e-b659-9a466798fe46,topic|severity,"Doesn't work properly. Ads play at the same time as a song. The skip button doesn't work at all. It tells me you can only skip 6 times an hour but I havent even skipped once. I get 3 ads in a row before another song/genre that I didn't choose to comes on, in no way connected to the song. App is comp",billing,cancellation,3,playback,cancellation,4,"{""topic"": 0.33, ""intent"": 0.62, ""severity"": 0.3, ""sentiment"": 0.99, ""quote"": 0.39}"
99eeec23-bae1-4103-bb96-e44b755c8084,topic,"I've had premium for about a month, and while it has enhanced my experience, it doesn't work without service the way it should. other than that, I love it",downloads,complaint,3,playback,complaint,3,"{""topic"": 0.85, ""intent"": 0.94, ""severity"": 0.41, ""sentiment"": 0.62}"
9a23edc3-a67f-4711-b5df-ce1af2771be2,severity,I've been having issues subscribing to spotify premium due to my location/country Lagos Nigeria. Which I don't really know why,billing,complaint,3,billing,complaint,4,"{""topic"": 1.0, ""intent"": 0.97, ""severity"": 0.66, ""sentiment"": 0.88}"
9a287fc3-07c3-4fe0-8314-1e2cac88b97c,topic|intent,"I can't update Spotify, it won't let me, I've deleted lots of space and still won't let me update, please fix.",usability,complaint,4,access,request,4,"{""topic"": 0.54, ""intent"": 0.45, ""severity"": 0.73, ""sentiment"": 0.97}"
9a9a1a7b-74d1-4520-9a80-2ece808cf38b,intent|severity,Backwash time wast,other,complaint,2,other,unclear,1,"{""topic"": 0.95, ""intent"": 0.87, ""severity"": 0.95, ""sentiment"": 0.81}"
9b59780c-684e-4329-834d-90c4a4af583d,topic|severity,"New update is forcing shuffle. Lowered the score. Lyrics aren't available for every song, for no reason at all. Also, the desktop app is awful now. I'd rather just lyrics over a 'discover' side bar. Not to mention the ever increasing fees with little to no improvement. This apps functionality is als",usability,complaint,4,playback,complaint,3,"{""topic"": 0.31, ""intent"": 0.97, ""severity"": 0.56, ""sentiment"": 0.8, ""quote"": 0.75}"
9b69d690-7a14-4b3b-ae7a-1e94557e3dc3,topic,Previous update was way better than this fr.....,other,complaint,2,usability,complaint,2,"{""topic"": 0.66, ""intent"": 0.91, ""severity"": 0.79, ""sentiment"": 0.72}"
9bc79582-83cc-41aa-bea8-619bb8699459,topic,Spotify is way better in every way then pandora... If your a person look for a variety of different types of music hit the download button ill be so happy you did,catalog,praise,1,other,praise,1,"{""topic"": 0.68, ""intent"": 0.94, ""severity"": 1.0, ""sentiment"": 0.88}"
9bd53d37-20f9-4e0f-b2ce-ad771a3de836,intent,To many ads and plus you have to pay just to listen to what song you want ik u get a free trail but they want to know where u live I'm not signing that I rather Pick something else besides waiting 4 our 5 hours just for a song that I want to listen to its dumb,billing,complaint,3,billing,cancellation,3,"{""topic"": 0.55, ""intent"": 0.89, ""severity"": 0.69, ""sentiment"": 0.68}"
9bec76fe-0b7a-49c9-b8c4-cc5e20978e3d,severity,The new update is awful. Why would I want less options on my home screen? Why scroll through endless bad playlist instead of ones tailored to me? Why one at a time? Makes everything more annoying. Song recommendations are not good enough and podcasts should be in a different part,usability,complaint,3,usability,complaint,2,"{""topic"": 0.99, ""intent"": 0.99, ""severity"": 0.41, ""sentiment"": 0.61, ""quote"": 0.81}"
9bf7ad08-06bf-4145-805d-b0cd98ca6a5c,intent,I Boycott all'Sweden's app.,other,unclear,1,other,cancellation,1,"{""topic"": 1.0, ""intent"": 0.36, ""severity"": 0.66, ""sentiment"": 0.75}"
9c589e8f-0940-469d-a484-f734c09aab4a,severity,Worst app premium nega,billing,complaint,3,billing,complaint,2,"{""topic"": 0.97, ""intent"": 0.99, ""severity"": 0.56, ""sentiment"": 0.82}"
9c6b4325-290b-42f9-9f63-710401726083,intent,TAYLOR!!! RELEASED YOUR NEW MUSIC RIGHT NOW!!!,other,unclear,1,other,praise,1,"{""topic"": 0.67, ""intent"": 0.85, ""severity"": 1.0, ""sentiment"": 0.31}"
9d71c9de-7af6-4380-af87-08c50ea93a24,topic,"Everything in the app is good. But I have a suggestion that if you could add captions to all the audio podcasts as well than it would be nice, as it will help in improving our English I hope you take a look at this suggestion.",usability,request,1,catalog,request,1,"{""topic"": 0.39, ""intent"": 1.0, ""severity"": 0.99, ""sentiment"": 0.77, ""quote"": 0.88}"
9d802dfe-6070-4f70-8ff8-b643454680d5,severity,overall its a great app but when for me when you open a new tab it stutters and then is frequently crashing and sometime is still playing even when i have it closed but the expirence as i said is overall good 1 more thing is that when i try to push the space bar to pause it does a whole other thing ,playback,complaint,4,playback,complaint,3,"{""topic"": 0.71, ""intent"": 0.99, ""severity"": 0.5, ""sentiment"": 0.93}"
9de18370-52ad-4984-80fb-449c10491da6,intent|severity,Baakwas,other,complaint,2,other,unclear,1,"{""topic"": 1.0, ""intent"": 0.91, ""severity"": 0.97, ""sentiment"": 0.77}"
9eb11ba2-82ba-4227-a754-2f5c6a4878b6,intent,2fa missing in 2023,access,request,3,access,complaint,3,"{""topic"": 0.95, ""intent"": 0.51, ""severity"": 0.54, ""sentiment"": 0.91}"
9eb4162a-508d-48d7-90ba-1a48bc1d73a5,severity,Technical issue,other,complaint,3,other,complaint,1,"{""topic"": 0.95, ""intent"": 0.84, ""severity"": 0.21, ""sentiment"": 0.73}"
9f06c669-5ab0-4329-8dd9-2e8239b4f825,severity,I'd pay good money for a music app that actually works offline...,downloads,request,1,downloads,request,3,"{""topic"": 0.93, ""intent"": 0.86, ""severity"": 0.69, ""sentiment"": 0.62}"
9f1d7377-cf03-42e2-89f4-563edf70ceb8,topic,Right now the app is being really dumb like it says there is no music on my Playlist on my liked and when I view then it says something went wrong try again and it happened right as a paid 12 dollars for a subscription from them to this app big scam,playback,complaint,4,catalog,complaint,4,"{""topic"": 0.39, ""intent"": 0.96, ""severity"": 0.44, ""sentiment"": 0.97}"
9f60c9f3-b3ae-4c55-9891-6d136c95a89b,severity,I don't like this app because I am a Muslim,other,complaint,2,other,complaint,1,"{""topic"": 1.0, ""intent"": 1.0, ""severity"": 0.92, ""sentiment"": 0.88}"
9f625733-7506-42dd-87b9-1f18ebd6515d,topic,Love having all my music and podcasts in one place,catalog,praise,1,other,praise,1,"{""topic"": 0.49, ""intent"": 1.0, ""severity"": 1.0, ""sentiment"": 0.68}"
9f9237ba-764b-43db-953f-97d0d41ced5d,severity,I not use this app anymore because Sweden Disrespect our religion,other,cancellation,2,other,cancellation,1,"{""topic"": 1.0, ""intent"": 0.9, ""severity"": 0.59, ""sentiment"": 0.9}"
9fb51253-1fbd-4deb-9991-ddc699cce3cc,topic,"With premium, nothing is better than this wonderful app.. ADS- gone.. No internet? It's okay, just listen to the songs you download.. Like who would have though you could get crispy audio. Not using any internet.. In a very small amount of space? Like Spotify (⁠๑⁠•⁠﹏⁠•⁠)",billing,praise,1,downloads,praise,1,"{""topic"": 0.46, ""intent"": 1.0, ""severity"": 1.0, ""sentiment"": 0.97, ""quote"": 0.68}"
9fbf768d-5951-45ab-8192-42e132f1a46d,topic,"It's great if you have premium, but if you don't the ads are quite annoying.",billing,complaint,2,usability,complaint,2,"{""topic"": 0.62, ""intent"": 0.99, ""severity"": 0.91, ""sentiment"": 0.92}"
9fc45873-9a75-4099-b81f-cf7113cd57b6,intent,WORST UPDATE. U have to buy premium to turn off shuffle play. Moreover our cannot forward aur backward a song. I prefer jio savaan aur wynk. Don't update your spoitfy If possible,billing,cancellation,3,billing,complaint,3,"{""topic"": 0.89, ""intent"": 0.47, ""severity"": 0.44, ""sentiment"": 0.94}"
9fe5be13-83d3-4bfa-a322-c6fa272e547b,topic,Simple to use and good.,usability,praise,1,other,praise,1,"{""topic"": 0.83, ""intent"": 1.0, ""severity"": 1.0, ""sentiment"": 1.0}"
9feec574-e91a-4219-a5bc-cd47c2617287,topic,I would love if the app had a feature for kareoki so we could use any playlist and just tap kareoki to take away the people singing,other,request,1,usability,request,1,"{""topic"": 0.49, ""intent"": 1.0, ""severity"": 1.0, ""sentiment"": 0.73}"
a0147b2a-3801-4982-9c4b-af49d698f01f,severity,I would have rated it 5stars but sometimes there are some problems,other,complaint,2,other,complaint,1,"{""topic"": 0.98, ""intent"": 0.9, ""severity"": 0.64, ""sentiment"": 0.7}"
a01b17f4-35c5-4753-974c-015842d23221,intent,Buycott mathar fakars,other,cancellation,1,other,unclear,1,"{""topic"": 1.0, ""intent"": 0.22, ""severity"": 0.36, ""sentiment"": 0.97}"
a03f6aea-4514-401b-ad0b-fee13d90d724,severity,Too expensive now,billing,complaint,2,billing,complaint,3,"{""topic"": 1.0, ""intent"": 1.0, ""severity"": 0.8, ""sentiment"": 0.97}"
a050b51e-05e3-4c11-9d90-18a2569c5c5b,topic,App is very nice with good music quality.But which songs are unplayablev(greyed out) how to play it.That songs should be playable.,catalog,complaint,4,playback,complaint,4,"{""topic"": 0.83, ""intent"": 0.41, ""severity"": 0.36, ""sentiment"": 0.9}"
a08b07c2-a336-4efa-b5ca-d252f42ffc9f,topic|severity,"perfect except that not playing what i want thing. its just annoying. (frankly reminding that TYLER, THE CREATOR is best)",playback,complaint,2,catalog,complaint,3,"{""topic"": 0.42, ""intent"": 0.97, ""severity"": 0.66, ""sentiment"": 0.79}"
a0fe0888-72e2-4fa6-a6b5-25166f13c818,intent,I use this almost daily.,other,unclear,1,other,praise,1,"{""topic"": 1.0, ""intent"": 0.76, ""severity"": 1.0, ""sentiment"": 0.86}"
a1279466-bcd2-4b0f-bf89-ee53e71c9f51,intent|severity,"මෙක වැඩක් නෑ, අපි ට ona සින්දුව ගන්න වෙනම kattak කන්න ඕන pamka....",other,unclear,1,other,complaint,3,"{""topic"": 0.57, ""intent"": 0.37, ""severity"": 0.42, ""sentiment"": 0.59}"
a12a92db-c4a9-4b78-b745-478996768366,severity,Hard to get what I want to listen to.can i change the order they play??,usability,request,1,usability,request,3,"{""topic"": 0.63, ""intent"": 0.94, ""severity"": 0.73, ""sentiment"": 0.76}"
a1b5856c-6595-43c1-95cd-13b86c79a642,topic,Love the music I love pod cast.,other,praise,1,catalog,praise,1,"{""topic"": 0.49, ""intent"": 1.0, ""severity"": 1.0, ""sentiment"": 0.59}"
a1bba875-0bdb-4ac3-84ef-e1db72a1ddb9,intent,I didn't listen this Spotify app again this is the worst app in Play Store plz remove ur application in this play store,other,complaint,2,other,cancellation,2,"{""topic"": 0.99, ""intent"": 0.61, ""severity"": 0.95, ""sentiment"": 0.99}"
a1ccfc1b-3311-4f59-bdee-9eee1e9f0e97,severity,#Spotifycorrupt that's all what I'm gonna say,other,complaint,2,other,complaint,1,"{""topic"": 0.99, ""intent"": 0.9, ""severity"": 0.95, ""sentiment"": 0.7}"
a21252be-6b52-4345-8a93-c3cf4da9386d,topic,"Annoying for free users, please go back to you normal mode",billing,request,2,usability,request,2,"{""topic"": 0.66, ""intent"": 0.65, ""severity"": 0.45, ""sentiment"": 0.98}"
a244e2ac-6b2e-4202-b43d-643c8ee00c41,intent,"my fave app i have it is litterly the best! my only thing is, is the amount of ads but overall 5/5!",usability,praise,2,usability,complaint,2,"{""topic"": 0.94, ""intent"": 0.59, ""severity"": 0.99, ""sentiment"": 0.7}"
a283bfb4-09eb-4f39-ba31-9c1ad1752939,topic,acctually i love this app but the reason i GIVE IT 1 STAR is because every time i want to play my favorite song it doesnt pop up instead it pop out the other song and is kinda annyoing i hope you can fix this :),usability,complaint,3,playback,complaint,3,"{""topic"": 0.59, ""intent"": 0.79, ""severity"": 0.6, ""sentiment"": 0.65}"
a28b0906-6355-41ef-879f-9a4958fc49b9,topic,"This is the best music app ever premium is cheap and you can get any song you want, you can use spotify without premium",billing,praise,1,other,praise,1,"{""topic"": 0.29, ""intent"": 0.97, ""severity"": 0.99, ""sentiment"": 0.84}"
a31e4059-0559-4fd2-8c37-e8690e8aaf9a,severity,I hate this app and Sweden I lave islam,other,complaint,2,other,complaint,1,"{""topic"": 1.0, ""intent"": 0.87, ""severity"": 0.62, ""sentiment"": 0.75}"
a328f824-3b33-4caa-80cd-b2cddd729d20,topic,Myru vila alleda neeyokke subscription edukkathavarkk kodkkunne,billing,unclear,1,other,unclear,1,"{""topic"": 0.68, ""intent"": 0.36, ""severity"": 0.41, ""sentiment"": 0.45}"
a36d7ac2-2416-4928-8582-7fc516fa2238,intent,"This is the best music streaming platform ever witnessed. According to me, this app provides the least adds even with a non prime member as and when u compare to the other applications. But one suggestion to the developer: please provide playback speed for every songs, that would be a great update.",other,request,1,other,praise,1,"{""topic"": 0.49, ""intent"": 0.45, ""severity"": 0.96, ""sentiment"": 0.81, ""quote"": 0.83}"
a3bc95e1-d883-4b07-8458-ebc41e078ca8,topic,This was my favourite app for listening music. But after the new update this became the worst app for me.👎,other,complaint,2,usability,complaint,2,"{""topic"": 0.92, ""intent"": 1.0, ""severity"": 0.82, ""sentiment"": 0.77}"
a3d74b94-6537-4f72-bda6-7dbf3712bed0,severity,Pathetic experience for the free users after the recent updates. Very greedy decision by the company. Quitting this app.,billing,cancellation,2,billing,cancellation,3,"{""topic"": 0.87, ""intent"": 0.99, ""severity"": 0.54, ""sentiment"": 0.96}"
a40077d1-1b59-41d3-95c8-7cfdcf728416,topic,Won't let me see the full albums and it keeps on playing commercials,usability,complaint,3,billing,complaint,3,"{""topic"": 0.3, ""intent"": 1.0, ""severity"": 0.77, ""sentiment"": 0.97}"
a481f336-2cd5-4cb2-a018-90af744865f8,topic|severity,"This new update for Spotify is totally meaningless and useless. It irritates me so much, uninstalling now.",other,cancellation,4,usability,cancellation,2,"{""topic"": 0.67, ""intent"": 0.97, ""severity"": 0.22, ""sentiment"": 0.89}"
a4b6c147-553a-47ac-825a-501eec248cd4,topic,Useless totally add based we can't even skip the song not even repeat the song more than 5 times cant go back to the lyrics,usability,complaint,3,billing,complaint,3,"{""topic"": 0.78, ""intent"": 1.0, ""severity"": 0.44, ""sentiment"": 0.95}"
a50006c3-d9a8-45e3-87b1-20ee7157c185,topic|severity,"Basic features bhi gayab kar diya ,worst update ever .",billing,complaint,3,usability,complaint,4,"{""topic"": 0.49, ""intent"": 1.0, ""severity"": 0.81, ""sentiment"": 0.77}"
a544c3d9-3a29-4688-917c-6a22db7c03ae,severity,I think I quit spotify,other,cancellation,2,other,cancellation,1,"{""topic"": 0.91, ""intent"": 0.97, ""severity"": 0.45, ""sentiment"": 0.65}"
a55e7770-63d2-45fb-82df-4b6b355f2914,topic,Experience is 👍 great so happy with this app new & latest songs are on playlist 🥰 thank you,other,praise,1,catalog,praise,1,"{""topic"": 0.78, ""intent"": 1.0, ""severity"": 1.0, ""sentiment"": 0.86}"
a57d1371-9e82-47ee-92b4-44a4a8224317,topic,"Love Spotify, it's got all the music I need.",catalog,praise,1,other,praise,1,"{""topic"": 0.59, ""intent"": 1.0, ""severity"": 1.0, ""sentiment"": 0.78}"
a5da9235-9fc6-44bf-9748-3ff9781c2453,severity,"Spotify makers ,what is this insane way to make us purchase your perimium, the music get limited after I play for some time, I can't back a song, I can't shuffle the song , it was the best app for me till the latest update occurs. Pls change this if you don't want to let your ratings go down. pls fi",billing,complaint,3,billing,complaint,4,"{""topic"": 0.87, ""intent"": 0.4, ""severity"": 0.68, ""sentiment"": 0.7, ""quote"": 1.0}"
a6422fa7-5639-40c2-82a3-5f4f3e60f867,topic|severity,After recent update...it's just frustrating to use spotify..I am uninstalling this,other,cancellation,3,usability,cancellation,2,"{""topic"": 0.46, ""intent"": 0.99, ""severity"": 0.25, ""sentiment"": 0.82}"
a67057a7-6ed5-4bc6-884c-057e08d7aa44,topic,It know exactly what u want,catalog,praise,1,other,praise,1,"{""topic"": 0.55, ""intent"": 1.0, ""severity"": 1.0, ""sentiment"": 0.71}"
a6ead4fa-c168-4164-83f1-d98a870930c1,topic,Loura jisa update diya hai koi v download mat karo ab ya app bakwas hogya hai,other,complaint,2,downloads,complaint,2,"{""topic"": 0.69, ""intent"": 0.49, ""severity"": 0.75, ""sentiment"": 0.93}"
a6f25764-ef93-491f-9a8a-b5a1f6033ae9,topic,Good Quality music with premium subscription i love it,billing,praise,1,playback,praise,1,"{""topic"": 0.59, ""intent"": 1.0, ""severity"": 1.0, ""sentiment"": 0.8}"
a7148d0c-3f0c-4f3c-9158-fefad96584ad,topic,So wonderful. You can access to any music you want at anytime.,catalog,praise,1,other,praise,1,"{""topic"": 0.53, ""intent"": 1.0, ""severity"": 1.0, ""sentiment"": 0.89}"
a88f218e-0e87-43df-a8bc-f8b3850abcca,topic,Would be shifting to SoundCloud with the new update . You guys look like ur begging fr .,billing,cancellation,2,other,cancellation,2,"{""topic"": 0.44, ""intent"": 0.96, ""severity"": 0.36, ""sentiment"": 0.74}"
a8ab4a8a-7bc2-4e24-8d9c-d45a044c2f8b,intent,Lanat hai. Tum perr Quran ko jalao ge aab dhekho muslims ke power,other,complaint,1,other,unclear,1,"{""topic"": 1.0, ""intent"": 0.64, ""severity"": 0.52, ""sentiment"": 0.98}"
a8f9c38c-acb4-4a1d-b3a4-00ff50d5886d,intent,allways has the song,catalog,unclear,1,catalog,praise,1,"{""topic"": 0.62, ""intent"": 0.41, ""severity"": 0.87, ""sentiment"": 0.59}"
a91ad668-7ded-4cd0-a34f-6e8ce6e458c7,severity,I hate this app and swedon I love islam,other,complaint,2,other,complaint,1,"{""topic"": 1.0, ""intent"": 0.96, ""severity"": 0.96, ""sentiment"": 0.78}"
a959ce24-db04-4d29-8b81-51a40ea5f1c2,severity,It's hard to use app for free SUBCRIPTION is way more expensive than Disney hotstar,billing,complaint,2,billing,complaint,3,"{""topic"": 0.98, ""intent"": 1.0, ""severity"": 0.5, ""sentiment"": 0.93}"
a9e908cc-b5c2-4ee8-ac40-9b19692bb4b5,severity,"It says ""enjoy your next 30 minutes of uninterrupted music"" and then after 2 songs the next ad starts playing.",usability,complaint,3,usability,complaint,2,"{""topic"": 0.86, ""intent"": 1.0, ""severity"": 0.44, ""sentiment"": 0.95}"
ab020ac2-bc1d-4db1-af24-84de2b559dbd,intent,I have tried 3 times to cancel and im being charged still .,billing,cancellation,5,billing,complaint,5,"{""topic"": 1.0, ""intent"": 0.49, ""severity"": 0.92, ""sentiment"": 0.72}"
ab2aeb67-ce9c-4e8d-88d7-a2c4b7a53f3a,severity,"The newest update makes the app unusable. It's only one GIANT box at a time now. No categories with multiple options, just a combo of everything including ads for concerts and podcasts. Forget browsing for new content they're going to force feed you what they want you to listen too. And forget savin",usability,complaint,4,usability,complaint,3,"{""topic"": 1.0, ""intent"": 0.96, ""severity"": 0.49, ""sentiment"": 0.97, ""quote"": 0.6}"
abfc15e9-4aed-448c-b80a-a766490bf14e,topic,Worse update ever.. . Am going to uninstall this app.... Can't even replay a song....just showing take premium....,billing,cancellation,4,playback,cancellation,4,"{""topic"": 0.82, ""intent"": 0.99, ""severity"": 0.59, ""sentiment"": 0.99}"
ac3d8301-c33c-45a7-a7f5-32a745c6c822,intent,⚡👌👌,other,praise,1,other,unclear,1,"{""topic"": 1.0, ""intent"": 0.39, ""severity"": 1.0, ""sentiment"": 0.78}"
accdab18-49f8-4c59-a90c-9ebbdb08c3cb,severity,It's good listening for phonk and I no wi fi no listening music,playback,complaint,3,playback,complaint,4,"{""topic"": 0.63, ""intent"": 0.62, ""severity"": 0.19, ""sentiment"": 0.68}"
acedbf64-714c-4f7a-bed9-b56710993c79,topic,"Worst App Experience,You Can't Listen Your Favourite Song, They Will Arrange Some Radio Thing For You. You Can't Go Previous Song, Can't Listen The Fav Part. Worst Experience.",usability,complaint,4,playback,complaint,4,"{""topic"": 0.37, ""intent"": 1.0, ""severity"": 0.64, ""sentiment"": 0.98}"
acf42c93-6ead-45bc-99f9-f6cbae6da260,severity,Now its like a worst app.... I just uninstalled it. 🙂,other,cancellation,2,other,cancellation,4,"{""topic"": 0.6, ""intent"": 0.99, ""severity"": 0.2, ""sentiment"": 0.73}"
ad069b3f-c2b9-4914-b069-240606d81611,severity,The lyrics is not showing me no matter what I do! I logged in again and did all the stuff they said on the internet!,catalog,complaint,3,catalog,complaint,4,"{""topic"": 0.89, ""intent"": 1.0, ""severity"": 0.71, ""sentiment"": 0.97}"
ad11c69a-343b-472d-ba41-acd65db34d6a,topic,"Omg please fix your horrible app, it worked perfectly and I updated and everytime I want to add a song to my playlist, it crashes and resets everythi g please fix that it's like paying money for nothing.",usability,complaint,4,playback,complaint,4,"{""topic"": 0.58, ""intent"": 0.87, ""severity"": 0.89, ""sentiment"": 0.8}"
ad325575-d4e8-45ff-bdf3-361a69103a67,severity,"This is being critical. Spotify only cares about business work and profit, it was good until a year then lately nowadays am facing lot of disturbing circumstances through Spotify, it keeps playing songs out of my playlist even tho the automatic play button is off from the settings and I've seen ampl",billing,complaint,3,billing,complaint,4,"{""topic"": 0.46, ""intent"": 0.97, ""severity"": 0.75, ""sentiment"": 0.84, ""quote"": 1.0}"
ae613617-8901-49bd-b491-faf64973999f,severity,"I hate Spotify cause they remove basic features,😡😡😡😡😡😡😡😡😡 And I never update spotify",billing,complaint,2,billing,complaint,3,"{""topic"": 0.69, ""intent"": 0.92, ""severity"": 0.34, ""sentiment"": 0.99}"
ae8f7e12-714d-49cf-9e5d-1e3f39a6e7d0,topic,"Great selection of music. Consistently works on whatever I'm using... phone, tablet, etc.",playback,praise,1,other,praise,1,"{""topic"": 0.67, ""intent"": 1.0, ""severity"": 1.0, ""sentiment"": 0.71}"
aef7efcc-594c-4b85-8148-17145cc5cfec,severity,Very good but i want some old songs And payyum puli songs,catalog,request,1,catalog,request,3,"{""topic"": 1.0, ""intent"": 0.87, ""severity"": 0.77, ""sentiment"": 0.79}"
af0dad4c-2ccc-48e9-8d3e-8743d14e30bc,topic,I love Spotify ui the most I am also using YouTube music but Spotify is next level but the ads in it is really annoying but if you buy premium it's a good deal overall good app,billing,complaint,2,usability,complaint,2,"{""topic"": 0.42, ""intent"": 0.6, ""severity"": 0.95, ""sentiment"": 0.72}"
af5e13c1-9bdc-41a0-89de-d68673a44050,topic,Super music super bass quality super vender full app,playback,praise,1,other,praise,1,"{""topic"": 0.47, ""intent"": 0.99, ""severity"": 1.0, ""sentiment"": 0.93}"
af7cb73e-bcd6-42cc-8c6d-acff5aa9ab68,topic,New update is very worst.... You don't skip songs more than 5 times.... Means what the heck is going on you doesn't play songs or your choice😐😬,usability,complaint,3,playback,complaint,3,"{""topic"": 0.81, ""intent"": 1.0, ""severity"": 0.64, ""sentiment"": 0.62}"
af8c8429-2280-4824-a885-6dbd0ac7d15e,topic,Ad spotify problem,usability,complaint,2,other,complaint,2,"{""topic"": 0.47, ""intent"": 0.8, ""severity"": 0.6, ""sentiment"": 0.8}"
af9327de-8185-4880-8078-72d23e22ea0f,topic,I love it !!! It's the awesome except the ads but still ok,billing,praise,2,usability,praise,2,"{""topic"": 0.26, ""intent"": 0.56, ""severity"": 0.97, ""sentiment"": 0.85}"
af983f2a-fc5e-4689-847f-1fd19decbfb1,intent,Unlimited songs,other,praise,1,other,unclear,1,"{""topic"": 0.63, ""intent"": 0.73, ""severity"": 0.97, ""sentiment"": 0.85}"
afa8fdcf-79af-4c82-85bf-71b55a21c3bc,severity,Music discovery is all over the place and I dislike my dashboard suggests more podcasts than music.,catalog,complaint,3,catalog,complaint,2,"{""topic"": 0.85, ""intent"": 0.96, ""severity"": 0.42, ""sentiment"": 0.97}"
b07f51dd-66ba-4617-b9fe-5f353182e13b,topic,Sound is Better than my sound,other,praise,1,playback,praise,1,"{""topic"": 0.45, ""intent"": 0.82, ""severity"": 0.9, ""sentiment"": 0.68}"
b1882ea2-1d0e-4687-b417-27780257bccd,topic,"Very user friendly, hate to say it but better than ... iHeartRadio.... can't believe I said that!!",usability,praise,1,other,praise,1,"{""topic"": 0.73, ""intent"": 1.0, ""severity"": 0.99, ""sentiment"": 0.8}"
b1c6334f-e33f-4dab-8410-f90bd1cd9ddb,severity,"Sound is great, but someone can tell me how i find repeat button and how i can choose right song i want head",usability,request,1,usability,request,2,"{""topic"": 0.95, ""intent"": 0.95, ""severity"": 0.34, ""sentiment"": 0.79}"
b1cdd118-c269-40b9-9011-0d97048b53f0,severity,Removing basic features isn't a thing to do. You can't forward or rewind the song . You can't listens to song in a queue. In lockdown it was the best app but now I think it's time to change the things seeing the current conditions,usability,complaint,3,usability,complaint,4,"{""topic"": 0.6, ""intent"": 0.75, ""severity"": 0.8, ""sentiment"": 0.87, ""quote"": 0.35}"
b1e23311-6249-4ad4-ab3d-85978e2c11ad,topic,Nice. Its so clam to listen the Music.,usability,praise,1,other,praise,1,"{""topic"": 0.59, ""intent"": 1.0, ""severity"": 1.0, ""sentiment"": 0.97}"
b1e6da47-2ef9-4169-8b2a-e17b6b681afe,topic,"Nice app for listening to ads, kabhi kabhi aa jate hain songs bas beech mein",playback,complaint,2,usability,complaint,2,"{""topic"": 0.51, ""intent"": 0.86, ""severity"": 0.37, ""sentiment"": 0.61}"
b21b955e-ecff-436a-8aed-8a410a932b17,topic,Best app for hearing all types of songs and also better than gaana app😗😙,catalog,praise,1,other,praise,1,"{""topic"": 0.6, ""intent"": 1.0, ""severity"": 1.0, ""sentiment"": 0.88}"
b21f595c-d9c3-4159-817e-947f945386bf,severity,They force the users to get premium and even the users can't play the songs in order and also skip the song.The ads count are increased nowadays.Only premium users can use the app normally,billing,complaint,3,billing,complaint,4,"{""topic"": 0.86, ""intent"": 1.0, ""severity"": 0.39, ""sentiment"": 0.72}"
b2871978-f570-491f-a70e-f9a27b1c7186,topic,exelente play list and sound quality awesome 😍😍,playback,praise,1,other,praise,1,"{""topic"": 0.42, ""intent"": 1.0, ""severity"": 1.0, ""sentiment"": 0.97}"
b2ba2e3e-17a4-4154-8f54-8a16fa21a75c,severity,"Spotify was the best music app to ever exist until u guys fked up and removed the basic and the only features that made Spotify so gud Edit: everything was a understatement, now i have realised that u can't listen for more than 1 hour, can't skip for more than 6 times, can't listen to specific parts",billing,complaint,3,billing,complaint,4,"{""topic"": 0.62, ""intent"": 1.0, ""severity"": 0.5, ""sentiment"": 1.0, ""quote"": 1.0}"
b317e29b-9478-4f6d-bc22-1562acba23b2,intent,Hi Dev team. Wonderful design of removing the scroll bar. Love it. Thanks for the finger exercises!,usability,praise,1,usability,complaint,1,"{""topic"": 0.99, ""intent"": 0.59, ""severity"": 0.37, ""sentiment"": 0.0}"
b485b5ed-0250-41f1-818d-1664d4398b5e,topic|intent|severity,I wish it wouldn't take down music that people get offended by but it's been the best app that I've used so far,catalog,praise,1,other,complaint,2,"{""topic"": 0.51, ""intent"": 0.26, ""severity"": 0.56, ""sentiment"": 0.63}"
b4a333e7-32a0-41fd-81b8-5497abf15dd5,severity,Alot of the time it crashes,playback,complaint,4,playback,complaint,3,"{""topic"": 1.0, ""intent"": 1.0, ""severity"": 0.65, ""sentiment"": 0.96}"
b4dbc788-f24c-4344-be5a-1e8b64953e7b,topic|severity,Very bad update that's why i am uninstalled spotify and downloaded gaana it is the best aap for listening write now,billing,cancellation,3,other,cancellation,4,"{""topic"": 0.42, ""intent"": 1.0, ""severity"": 0.3, ""sentiment"": 0.88}"
b5116fc1-ed24-4b48-852c-7725f5c94528,intent,It's 99% amazing. 1% lacking many songs and artists. Overall it's superb. 👍,catalog,praise,2,catalog,complaint,2,"{""topic"": 0.99, ""intent"": 0.76, ""severity"": 0.41, ""sentiment"": 0.62}"
b5138e25-da9b-49a5-894a-c7e471d20a54,topic,Spotify band in India,other,unclear,1,catalog,unclear,1,"{""topic"": 0.99, ""intent"": 0.69, ""severity"": 0.9, ""sentiment"": 0.49}"
b549c9d7-0837-46e8-a077-71261f74b287,severity,"It's not working well after update I've lost mh songs nd it's loading 😑 it was good until a glitch came out ig ,autoplay button is not working ?I tried everything but still it's not working, I hope that it will work soon.yesterday i tried everything it didn't worked ,but today in the morning it's wo",playback,complaint,4,playback,complaint,3,"{""topic"": 0.76, ""intent"": 0.99, ""severity"": 0.29, ""sentiment"": 0.62, ""quote"": 1.0}"
b55bc5b6-f964-4915-bb1a-3888607d2b7f,topic,Stops you fast fowarding songs and the amount of adverts is a joke unless they get money from you then it all stops big CON !!!!,usability,complaint,3,billing,complaint,3,"{""topic"": 0.58, ""intent"": 1.0, ""severity"": 0.57, ""sentiment"": 0.85}"
b561089b-82c1-479c-b1e6-1d5a484c3f3e,topic,Spotify was so good when I first came and I think it got too many advertisement playing and that's literally annoying. And the premium is more likely to make me dislike spotify,billing,complaint,2,usability,complaint,2,"{""topic"": 0.49, ""intent"": 1.0, ""severity"": 0.68, ""sentiment"": 0.94}"
b574d7c3-4519-45e5-aefb-9cf5743b25cd,topic,"I use this for podcasts. When I ask Alexa to ""play my podcast"", she will play from wherever I got up to on my phone, but when I go back to the phone, it plays whatever I listened to on Alexa again and I have to manually search forward. Also it will often miss a load of episodes without me realising,",usability,complaint,3,playback,complaint,3,"{""topic"": 0.5, ""intent"": 0.96, ""severity"": 0.7, ""sentiment"": 0.87, ""quote"": 0.85}"
b5a7fb90-74f2-4a67-9172-0f475898430c,severity,Are you joking. To listen a song again I've to subscribe. You have made even the basic features available only for premium. Do one thing also lock the volume controls and the next button too.. and play the song of your choice and you listen alone. And one thing we are not listening for free. You ear,billing,cancellation,3,billing,cancellation,4,"{""topic"": 0.99, ""intent"": 0.86, ""severity"": 0.59, ""sentiment"": 0.99, ""quote"": 0.63}"
b5c4daa0-cd10-493f-92e7-cb6a891dfb3c,intent,Sound quality needs something,playback,request,2,playback,complaint,2,"{""topic"": 1.0, ""intent"": 0.44, ""severity"": 0.61, ""sentiment"": 0.69}"
b852d837-d75d-411b-83cf-9370c95bd1ac,intent,Love this app but i really don't know how to sign up lol but it nice and i like it very much ok,access,request,1,access,praise,1,"{""topic"": 0.99, ""intent"": 0.42, ""severity"": 0.76, ""sentiment"": 0.93}"
b86291cc-8147-4fa5-bda1-235683e499b2,topic|severity,Spotify is begging these days...and the recent update proved it.,billing,complaint,2,other,complaint,1,"{""topic"": 0.67, ""intent"": 0.97, ""severity"": 0.87, ""sentiment"": 0.59}"
b8700a08-b21e-4b73-a21e-f2b8260ff494,topic|severity,I am using this app in 2 years now and this app's liked songs are not coming in this app,usability,complaint,3,catalog,complaint,4,"{""topic"": 0.63, ""intent"": 1.0, ""severity"": 0.46, ""sentiment"": 0.91}"
b8996ca4-3a7c-40e5-84b4-abf73a556bb4,intent,"Since literally everything is premium now how about you'll entirely disable the namesake, completely useless free part too.",billing,complaint,3,billing,request,3,"{""topic"": 0.99, ""intent"": 0.57, ""severity"": 0.4, ""sentiment"": 0.91}"
b8d9f7f7-15da-4d3a-87db-a5f5f6bee51f,topic,Very 3rd class app frequently showing advertisement after every 15 min very disgusting. Every thing needs premium. Very low quality app. Bakwasss......,billing,complaint,3,usability,complaint,3,"{""topic"": 0.46, ""intent"": 1.0, ""severity"": 0.51, ""sentiment"": 0.98}"
b90312a7-dae9-4ce8-8c09-a52c8b0855b2,topic,The recent update is irritating some of songs doesn't show lyrics and the latest update is so disappointing I can't play a song at specific time and also can't move forward it will ask for premium what the heck is going to Spotify team . finally I uninstalled this app,billing,cancellation,4,playback,cancellation,4,"{""topic"": 0.76, ""intent"": 0.96, ""severity"": 0.87, ""sentiment"": 0.97, ""quote"": 0.98}"
b91c5a12-1eba-4022-b896-c73556708c93,severity,I can't back to the previous song,usability,complaint,4,usability,complaint,3,"{""topic"": 0.9, ""intent"": 0.97, ""severity"": 0.4, ""sentiment"": 0.98}"
b9306117-1884-4697-8cb8-ce766d1242c0,topic,Bro this is trash 🗑️ bro i cant pick my own song cuz of the new update in 2022 bro i deleted it,usability,cancellation,4,playback,cancellation,4,"{""topic"": 0.89, ""intent"": 0.99, ""severity"": 0.4, ""sentiment"": 0.96}"
b930cddd-3915-4930-bf49-f833d00d4512,topic,"Neuerdings Werbung VOR und WÄHREND Podcasts trotz Premium Account? Nicht cool Spotify, nicht cool!",billing,complaint,3,usability,complaint,3,"{""topic"": 0.84, ""intent"": 1.0, ""severity"": 0.54, ""sentiment"": 0.89}"
b9798459-32c0-465b-8e44-95c95c4e5931,severity,"I can't play the music I want, and when wanting to listen to just the freaking Hamilton soundtrack it instead pulled up a song about hard drugs. No thanks, deleting garbage app.",catalog,cancellation,4,catalog,cancellation,3,"{""topic"": 0.75, ""intent"": 0.95, ""severity"": 0.5, ""sentiment"": 0.96}"
ba1f2729-c7f1-447f-8cc9-dfd222b29549,severity,The app logged me out and while I am on offline mode. I have not been able to login into my account 😒😒 And I just got debited,access,complaint,5,access,complaint,4,"{""topic"": 0.98, ""intent"": 1.0, ""severity"": 0.68, ""sentiment"": 0.59}"
ba23e571-1f50-46e7-9a8c-4c8389b64f71,intent,Add kami kra 5 star deto. 😒😅 Still one of the fav,other,request,1,other,praise,1,"{""topic"": 0.54, ""intent"": 0.45, ""severity"": 0.77, ""sentiment"": 0.66}"
ba3213eb-c7a7-4876-a06d-17532c0467ee,intent|severity,Bycot I not like your aap I hate your cantry,other,complaint,2,other,cancellation,1,"{""topic"": 1.0, ""intent"": 0.61, ""severity"": 0.42, ""sentiment"": 0.9}"
ba565e33-b4bd-4b30-921d-bf43003dd222,topic,"When I try to play a song it plays random indie Arabic songs and hindi songs instead, then when I press to skip the song I get 5 minutes of ads. I don't speak either languages nor are the songs associated with either of those cultures. I fr can't listen to a single song I search for.",catalog,complaint,4,playback,complaint,4,"{""topic"": 0.5, ""intent"": 1.0, ""severity"": 0.94, ""sentiment"": 0.82, ""quote"": 0.79}"
ba70c344-8819-4de0-b692-c5bcbc009b7e,severity,Shud be free,billing,request,2,billing,request,1,"{""topic"": 0.74, ""intent"": 0.55, ""severity"": 0.33, ""sentiment"": 0.82}"
baa8c620-192f-4e72-9ea1-4ba678efb50c,severity,this app is so good but the latest update made it the worst app,other,complaint,3,other,complaint,2,"{""topic"": 0.38, ""intent"": 0.99, ""severity"": 0.39, ""sentiment"": 0.68}"
bb6d5adc-928c-4a52-9438-8f1c0fc63590,severity,Irritates you into subscription,billing,complaint,2,billing,complaint,3,"{""topic"": 0.87, ""intent"": 1.0, ""severity"": 0.64, ""sentiment"": 0.86}"
bb88ea47-1487-4103-bac3-4e6bffd18342,topic,Great sound..great vast array of all genders of things to listen to,other,praise,1,catalog,praise,1,"{""topic"": 0.45, ""intent"": 1.0, ""severity"": 1.0, ""sentiment"": 0.67}"
bba98c54-92f1-4f35-8cbd-9928c80cb8d3,severity,My premium is on May 26 and I have ads and 6 skips per hour ...... FIX IT!!,billing,complaint,3,billing,complaint,4,"{""topic"": 0.93, ""intent"": 0.94, ""severity"": 0.42, ""sentiment"": 0.82}"
bc199090-4d53-4596-8b07-c4d26774879e,severity,First of all I had to make a new account because it wasn't giving the option for mobile login. Then now when I play a song on shuffle or normally after every skip it reaches the first song I played and it's frustrating seriously,playback,complaint,3,playback,complaint,4,"{""topic"": 0.33, ""intent"": 0.96, ""severity"": 0.7, ""sentiment"": 0.85, ""quote"": 0.14}"
bc1ab90e-7231-4abd-91b9-3280cebed0b5,intent,"Very nice app, has every song I throw at it, keeps track of what I like, makes good suggestions and let's me brows new stuff and gives me ideas if where to find new stuff. So over all, for being free, this app is bad to the bone, bububububad bad to the bone! Lol",catalog,complaint,1,catalog,praise,1,"{""topic"": 0.75, ""intent"": 0.4, ""severity"": 0.6, ""sentiment"": 0.14, ""quote"": 0.86}"
bcbfa74a-75d0-4760-94af-18a4adf1e442,topic,First day and I can get I my account and your asking me to rate your app. I don't think there is any thought left.,access,complaint,2,other,complaint,2,"{""topic"": 0.36, ""intent"": 0.97, ""severity"": 0.6, ""sentiment"": 0.86}"
bce4d29b-8df3-4bbe-913a-904b91e0c13b,topic|severity,I'm bringing down my rating until we get CD quality music. So many other services offer it now at the base price but not Spotify.,billing,complaint,3,playback,complaint,2,"{""topic"": 0.52, ""intent"": 0.66, ""severity"": 0.36, ""sentiment"": 0.9}"
bd00b356-3e8f-41a1-b24d-6df0e3f795fe,topic,Doesn't even play the songs I select and adds random songs to my playlist Just let me play the damn songs I want to listen to What a money grab At least the quality is good,playback,complaint,4,usability,complaint,4,"{""topic"": 0.43, ""intent"": 0.99, ""severity"": 0.64, ""sentiment"": 0.71}"
bd336803-8824-4c93-b448-a63cca2a3385,topic,i hate the new update.. cant even like new songs and my playlist cant play even tho i have good internet connection,usability,complaint,4,playback,complaint,4,"{""topic"": 0.5, ""intent"": 1.0, ""severity"": 0.82, ""sentiment"": 0.61}"
bd679eb8-b932-42f5-9634-9fcc4a63a29a,topic|severity,Day by day getting worst app for free user,billing,complaint,3,other,complaint,2,"{""topic"": 0.87, ""intent"": 1.0, ""severity"": 0.57, ""sentiment"": 0.77}"
bd79db29-4aa0-4d3d-ba7f-0723deb6492a,topic,Songs are 👍 Mo,other,praise,1,catalog,praise,1,"{""topic"": 0.61, ""intent"": 0.68, ""severity"": 0.96, ""sentiment"": 0.71}"
bd8fcc86-5ec4-4ca3-b185-679451719f42,topic,App very reliable. Everything is on it and good recommendations. Amazing,catalog,praise,1,other,praise,1,"{""topic"": 0.69, ""intent"": 1.0, ""severity"": 1.0, ""sentiment"": 0.98}"
bdc442d4-7bf0-4fe8-a74c-19d3b1775146,severity,"Spotify is easy to use if you're not a simpleton who counts on their fingers. If you have premium, you can repeat the same song over and over, there are no ads, laptop, phone, or tablet. The only thing I don't like is when you're a free user, instead of Spotify playing what's on your selected playli",usability,complaint,2,usability,complaint,3,"{""topic"": 0.69, ""intent"": 0.65, ""severity"": 0.42, ""sentiment"": 0.83, ""quote"": 0.88}"
be58bcb1-cb7a-4a19-88a8-5c267f65a2d1,intent,Gj,other,praise,1,other,unclear,1,"{""topic"": 1.0, ""intent"": 0.47, ""severity"": 1.0, ""sentiment"": 0.78}"
be7025f3-3113-45d7-8fde-811bffc6d832,topic|severity,"I wish it would be easier to remove duplicate songs. I understand there can be different artists, and remastering, but exact versions are not being automatically removed.",usability,request,2,catalog,request,3,"{""topic"": 0.98, ""intent"": 0.95, ""severity"": 0.36, ""sentiment"": 0.69}"
be84cf92-862f-4e11-b5cc-27983fd6a420,severity,I don't wanna kill my self when I use this app,other,complaint,2,other,complaint,5,"{""topic"": 0.94, ""intent"": 0.79, ""severity"": 0.26, ""sentiment"": 0.97}"
be8b3bd7-f668-4625-8d91-22443c60519a,severity,Mucha payola.,other,complaint,2,other,complaint,1,"{""topic"": 0.93, ""intent"": 0.9, ""severity"": 0.75, ""sentiment"": 0.58}"
bf44b759-faf8-4b6d-b9eb-013984826e13,severity,Not all songs are available but so far its nice ❤,catalog,complaint,2,catalog,complaint,3,"{""topic"": 1.0, ""intent"": 0.39, ""severity"": 0.33, ""sentiment"": 0.62}"
bf7b2ec6-71c9-483e-9a01-8c4d75954cad,topic|severity,So much ads can't even repeat the music the worst app in the world hope in the future that another music app takes over that's better than Spotify,billing,complaint,3,playback,complaint,2,"{""topic"": 0.38, ""intent"": 0.68, ""severity"": 0.52, ""sentiment"": 0.95}"
bf84f725-3f17-473c-8188-98b7dd1767f6,severity,"I have been using Spotify for over 5 years. Ads always have not been a problem, I always used to listen and barely get an ad, and ads were short, like less than 10 seconds. Now when I use Spotify in 2022 without a subscription, it is like listening to a Playlist filled with ads, not listening to roc",usability,complaint,2,usability,complaint,3,"{""topic"": 0.71, ""intent"": 1.0, ""severity"": 0.46, ""sentiment"": 0.69, ""quote"": 0.73}"
bfba68c5-3454-4f57-938e-055cb573ea5d,topic,I can't choose what song I want to play Every time click on the song I want to listen to It just plays a song thats not even remotely close to the song I choose,usability,complaint,4,playback,complaint,4,"{""topic"": 0.46, ""intent"": 1.0, ""severity"": 0.9, ""sentiment"": 0.71}"
c003af33-5e12-41e7-9f39-8453cf065cee,severity,"the new update is so confusing and bad, i literally cant play my songs on repeat anymore or listen to songs i actually eanna listen too. its all randimized and it pisses me tf off, honestly i don't even know why you changed the app at this point literally everyone complains that its bad and still yo",usability,complaint,4,usability,complaint,3,"{""topic"": 0.81, ""intent"": 0.99, ""severity"": 0.59, ""sentiment"": 0.93, ""quote"": 0.97}"
c012e2db-7908-4078-96c7-3a4cde0b17b4,topic,It's good app but why it's ad is always about girlfriend can't u give ad without talking about girlfriend,usability,complaint,2,other,complaint,2,"{""topic"": 0.76, ""intent"": 0.51, ""severity"": 1.0, ""sentiment"": 0.57}"
c0b551df-7a7a-4f14-8d6f-b574e38db29e,severity,Really cool of you to put my idea to add a song to multiple playlists at once but only on ios. Real nice.,usability,complaint,2,usability,complaint,3,"{""topic"": 0.84, ""intent"": 0.74, ""severity"": 0.62, ""sentiment"": 0.67}"
c0d26b8f-e540-42a4-8774-07d9e70517ca,severity,Basic features can't be operated,usability,complaint,3,usability,complaint,4,"{""topic"": 0.44, ""intent"": 0.96, ""severity"": 0.64, ""sentiment"": 0.87}"
c0fde205-cb71-44e2-9ec8-9e9a9d66ee04,severity,🤮🤮🤮🤮🤮🤮🤧🤧💩💩,other,complaint,2,other,complaint,1,"{""topic"": 1.0, ""intent"": 0.91, ""severity"": 0.89, ""sentiment"": 0.98}"
c1b9b03c-d9c8-432f-90ba-bcfd3df371e1,intent,21 can you do sum for me,other,request,1,other,unclear,1,"{""topic"": 0.97, ""intent"": 0.57, ""severity"": 1.0, ""sentiment"": 0.9}"
c1f22ce3-9a67-44bc-9126-9c1301cd9eec,topic,"Great music streaming service, been using it since 2015/16 and never had any problems, straightforward and user friendly!",usability,praise,1,other,praise,1,"{""topic"": 0.45, ""intent"": 1.0, ""severity"": 1.0, ""sentiment"": 0.93}"
c1f35b7c-0677-4d7f-be08-376662a0ff7d,topic,"The app was great but I am unable to go to previous song,the button is not functioning even after restarting the device. Tried to reach the Customer service but while trying to login it shows some kind of error.",access,complaint,4,playback,complaint,4,"{""topic"": 0.67, ""intent"": 1.0, ""severity"": 0.96, ""sentiment"": 0.84, ""quote"": 0.28}"
c2557370-8e9a-4d66-87c0-f31bac4cb67e,severity,"Overall experience is good but it can't be best until you are a premium subscriber,it should be adify for non premium ones🤧",billing,request,2,billing,request,3,"{""topic"": 0.93, ""intent"": 0.39, ""severity"": 0.39, ""sentiment"": 0.89}"
c2a9d907-80c1-436d-a865-b9392e08c6b7,topic,Was thinking Spotify or Pandora. Free Pandora you can replay most song. Free Spotify no replays at all. Free Pandora 6 skips but watch one video get more skips. Free Spotify 6 skips an hour but yet play one band for those skips. I do have other bands I've favorited. Its like its a radio station play,billing,cancellation,3,usability,cancellation,3,"{""topic"": 0.78, ""intent"": 0.61, ""severity"": 0.65, ""sentiment"": 0.72, ""quote"": 0.7}"
c30e714a-abbb-45c3-8b09-082237f1b005,severity,Worst update the app could give very dissapointed they only needed to gather the audience and make a paid platform,billing,complaint,2,billing,complaint,3,"{""topic"": 0.66, ""intent"": 1.0, ""severity"": 0.69, ""sentiment"": 0.77}"
c365f465-02a8-46b9-88bd-32d860878ca9,topic,Recent update ruined my music experience and the app,other,complaint,2,usability,complaint,2,"{""topic"": 0.83, ""intent"": 1.0, ""severity"": 0.9, ""sentiment"": 0.88}"
c402d345-205e-4d1d-afe9-d50f9eaf7276,severity,"The new update has removed even the most basic functions and is practically forcing users to upgrade to premium to even be able to properly use the apps, I have been using this app for years now, and this was the the biggest disappointment ever, I'll leave this app and look for some other because as",billing,cancellation,3,billing,cancellation,4,"{""topic"": 0.89, ""intent"": 0.99, ""severity"": 0.41, ""sentiment"": 0.98}"
c4093a89-11a6-4180-bddf-66d255f2e2ea,severity,I hate this app🔪,other,complaint,2,other,complaint,1,"{""topic"": 1.0, ""intent"": 1.0, ""severity"": 0.97, ""sentiment"": 0.91}"
c45cd68e-c3c9-4c22-a959-a0722875c7be,topic,I like the app tho I wish you could skip the songs and have no ads it's also hard to deal with they don't have some songs that you could find on like YouTube or TikTok and premium is not worth the money.,usability,complaint,3,billing,complaint,3,"{""topic"": 0.46, ""intent"": 0.91, ""severity"": 0.54, ""sentiment"": 0.72}"
c4c7f161-7d60-4479-8ea7-93f7cc2f8916,topic,Ltrly im shifting to wynk... Stupid app with many ads 🥱😕,other,cancellation,2,usability,cancellation,2,"{""topic"": 0.53, ""intent"": 1.0, ""severity"": 0.8, ""sentiment"": 0.9}"
c4db5a04-6180-4d74-b5bc-0838965317a0,intent,since 2015 😍,other,praise,1,other,unclear,1,"{""topic"": 1.0, ""intent"": 0.47, ""severity"": 1.0, ""sentiment"": 0.66}"
c50c1e3c-ad5f-430a-b578-9182a0379c5b,severity,"This is totally inhumane, with the recent update Spotify has forced me to switch to other music apps.",other,cancellation,3,other,cancellation,4,"{""topic"": 0.5, ""intent"": 0.97, ""severity"": 0.35, ""sentiment"": 0.98}"
c5156dc1-e8d2-4202-85bb-7f07336c1617,topic|severity,"I used Spotify since 3 years.., it's my fav app to listen music., but recent update is worst., can't go to previous song, can't listen perticular part of song, it asks premium.. Now I hate this app because of the present update.",billing,complaint,4,usability,complaint,3,"{""topic"": 0.66, ""intent"": 0.89, ""severity"": 0.4, ""sentiment"": 0.81, ""quote"": 0.99}"
c626aec6-5f22-4a96-9c7d-6afb85e95c94,severity,Need to downgrade - new update make me dislike Spotify..this is not TikTok,usability,cancellation,3,usability,cancellation,2,"{""topic"": 0.94, ""intent"": 0.52, ""severity"": 0.37, ""sentiment"": 0.62}"
c63d9cdf-7b3c-4f10-a302-9d89f1a67f4c,intent,Hyy i am like the app but not now because swedan,other,unclear,1,other,cancellation,1,"{""topic"": 0.98, ""intent"": 0.44, ""severity"": 0.79, ""sentiment"": 0.68}"
c6473a85-1063-432d-9f8b-506e15d331a0,topic,"Love Spotify, only thing I don't like is when I play my liked songs in shuffle it plays a lot of the same songs over and over.",usability,complaint,2,catalog,complaint,2,"{""topic"": 0.78, ""intent"": 0.96, ""severity"": 0.61, ""sentiment"": 0.68}"
c6b1b49a-f921-4481-b6d0-5b7f5c535439,severity,Spotify is a great app i like it but it should have downloading option for every song.....,downloads,request,1,downloads,request,3,"{""topic"": 1.0, ""intent"": 0.96, ""severity"": 0.54, ""sentiment"": 0.72}"
c6b4da5d-dd1c-4a4d-92a7-0b4a60e7bd14,topic,Señores de Spotify creen una herramienta para detectar si ya visitamos un podcast y reproducimos un episodio y no lo seguimos. Para no repetir la visita,usability,request,1,catalog,request,1,"{""topic"": 0.33, ""intent"": 0.46, ""severity"": 0.97, ""sentiment"": 0.66}"
c6f75e80-2b44-444c-9d99-6bf3eb74f3ac,topic,"It's good, but that doesn't mean I like it that much. You can only skip 6 songs an hour, the playlists are completely random, and they add random songs to playlists. That's just a bit annoying, I think. Also, you can get rid of those problems by paying? That's a cash grab up there with, like, Bethes",usability,complaint,3,billing,complaint,3,"{""topic"": 0.38, ""intent"": 0.95, ""severity"": 0.46, ""sentiment"": 0.93, ""quote"": 0.89}"
c7560c6c-8438-4005-ace4-c63206593b90,topic|intent,"After update this app sucks, for just to get some premium user they did that 🤬 playback button removed then what is mean of this music app where you can't listen your favourite song. Can't skip songs, not even able to play somg after 6 chose 🎃 they made spotify #worstapp for music lovers 😒😮‍💨",billing,cancellation,4,playback,complaint,4,"{""topic"": 0.54, ""intent"": 0.64, ""severity"": 0.96, ""sentiment"": 1.0, ""quote"": 0.92}"
c7635642-ea34-4051-93f8-5c57c55b9640,intent,🔥❤️OSm,other,unclear,1,other,praise,1,"{""topic"": 0.94, ""intent"": 0.57, ""severity"": 0.96, ""sentiment"": 0.26}"
c7909ffb-be06-43cf-98ca-f416c1f9faf1,severity,Why has the recent update removed the option to rewind or seek forward and backwards? Excluding something so basic just makes me close the app.,usability,complaint,3,usability,complaint,4,"{""topic"": 0.95, ""intent"": 0.82, ""severity"": 0.56, ""sentiment"": 0.61}"
c80d02be-205c-434d-a0e2-16a90bf48386,intent|severity,Hrasment,other,complaint,2,other,unclear,1,"{""topic"": 0.99, ""intent"": 0.76, ""severity"": 0.49, ""sentiment"": 0.82}"
c825beb9-64c5-4d3d-9f7b-05606fd1e5d5,severity,"You can't even do basic stuff that all music players can do like repeat song, go to previous. Trash now",usability,complaint,3,usability,complaint,4,"{""topic"": 0.99, ""intent"": 1.0, ""severity"": 0.71, ""sentiment"": 0.62}"
c836226f-9f40-492a-b330-c3181059f665,topic,Dont download i m uninstalling it ...using spotify since 2 years but this update is worst ever update ...1 star rating everyone so that they give us those simple features back...,billing,cancellation,3,usability,cancellation,3,"{""topic"": 0.84, ""intent"": 0.99, ""severity"": 0.6, ""sentiment"": 0.99}"
c8526aef-f427-4da9-9eca-267a88882355,severity,"The developer wants you to suffer. They hate you. Google will likely hide bad reviews, so like most things on life, this is an exercise in futility.",other,complaint,2,other,complaint,1,"{""topic"": 0.99, ""intent"": 0.89, ""severity"": 0.91, ""sentiment"": 0.97}"
c85ad56b-bda6-47b9-b8c0-a04fe640a694,severity,Can I subscribe to premium via Google play? Cannot find the options beside Visa and PayPal.,billing,request,1,billing,request,3,"{""topic"": 0.87, ""intent"": 1.0, ""severity"": 0.65, ""sentiment"": 0.87}"
c86b56ce-3578-4194-804b-416fe76dadb2,intent|severity,😞😞😞,other,complaint,2,other,unclear,1,"{""topic"": 1.0, ""intent"": 0.62, ""severity"": 0.59, ""sentiment"": 0.56}"
c86d6d7a-4536-4809-b608-9722fadee2fa,topic|severity,This app is soooo awesome that i use it every day! If you really like listening to music then this is perfect for you (just note that if you are on phone it drains your battery by a little more!),other,praise,1,playback,praise,2,"{""topic"": 0.54, ""intent"": 0.92, ""severity"": 0.41, ""sentiment"": 0.61}"
c89cc3e0-4a22-41b9-85d5-feb5f4a64665,topic,Why I can't lesion to songs I want to lesion to,playback,complaint,4,usability,complaint,4,"{""topic"": 0.35, ""intent"": 0.89, ""severity"": 0.52, ""sentiment"": 0.87}"
c8b1a033-57dd-423d-9b87-84ea7ba612d1,intent,On tv table and even laptop it's great! But what is up on phone's like common my phone Is what I use the most for music like common man please please fix it.<3,usability,request,3,usability,complaint,3,"{""topic"": 0.85, ""intent"": 0.6, ""severity"": 0.65, ""sentiment"": 0.91}"
c8cc3e65-c41b-4aa9-8ea6-691370b046a7,topic,"app is getting worst of new update. just cut it off, iam totally disappointed by this app now",other,complaint,2,usability,complaint,2,"{""topic"": 0.44, ""intent"": 0.39, ""severity"": 0.68, ""sentiment"": 0.74}"
c8edbe52-7c1d-4d7a-988f-2e3a1a354b4b,severity,I am not able to enjoy even my depression peacefully 🥺😔😞😓😟😥,other,complaint,2,other,complaint,1,"{""topic"": 0.89, ""intent"": 0.74, ""severity"": 0.68, ""sentiment"": 0.6}"
c9507eb3-3702-4d00-b1a2-9f5803aa1219,topic,The basic features are not available. Cannot shuffle or play the songs we want to here. The App plays music of its own like .,billing,complaint,4,playback,complaint,4,"{""topic"": 0.63, ""intent"": 0.99, ""severity"": 0.77, ""sentiment"": 0.73}"
c977b40a-5736-4355-8c0b-e55ebbd8da82,topic,Mereu pune alte melodii față de care vreau eu,usability,complaint,3,playback,complaint,3,"{""topic"": 0.63, ""intent"": 0.9, ""severity"": 0.55, ""sentiment"": 0.81}"
ca391836-bf36-4f6c-b1a0-72476fa343e0,severity,Do u want to breathe? Get premium,billing,complaint,2,billing,complaint,3,"{""topic"": 0.83, ""intent"": 0.73, ""severity"": 0.49, ""sentiment"": 0.64}"
ca3e8f7f-c469-45d7-a7b8-c624dbc211b3,severity,Delete now,other,cancellation,2,other,cancellation,1,"{""topic"": 1.0, ""intent"": 0.71, ""severity"": 0.8, ""sentiment"": 0.85}"
ca58d2f4-5c0f-40d9-b991-458408350a84,intent|severity,It's against islaam,other,complaint,2,other,unclear,1,"{""topic"": 1.0, ""intent"": 0.8, ""severity"": 0.57, ""sentiment"": 0.74}"
cb3c7944-8986-45e4-b4cd-21c34c7529c4,intent,Straight ballin,other,praise,1,other,unclear,1,"{""topic"": 1.0, ""intent"": 0.47, ""severity"": 0.99, ""sentiment"": 0.6}"
cbe83618-8d31-4b90-884e-b3826d3187a9,intent|severity,GHATYA,other,complaint,2,other,unclear,1,"{""topic"": 1.0, ""intent"": 0.46, ""severity"": 0.68, ""sentiment"": 0.66}"
cbf47590-9cba-4588-93d7-8ab18e333035,topic,If 0 star is a option i would give that. The worst it become after update. No basic features. Better to shift other music apps.,billing,cancellation,3,usability,cancellation,3,"{""topic"": 0.86, ""intent"": 0.55, ""severity"": 0.7, ""sentiment"": 0.97}"
cc4be66d-374c-4970-a8f5-7286ebcf9d4c,severity,Uninstalling this app and switch to saavan . Update aisa di ki 4 nhi 400 log uninstall kre😅,other,cancellation,2,other,cancellation,1,"{""topic"": 0.87, ""intent"": 0.97, ""severity"": 0.51, ""sentiment"": 0.76}"
cc59bb99-9ba6-4ac8-91b8-269bfe6d2f31,topic,Love the ease of choosing my music and great choice of songs ❤️☺️,other,praise,1,catalog,praise,1,"{""topic"": 0.49, ""intent"": 1.0, ""severity"": 1.0, ""sentiment"": 0.59}"
cd050430-7eb2-4b4f-b9a6-bceb15180da9,intent,A world of options......,other,unclear,1,other,praise,1,"{""topic"": 0.44, ""intent"": 0.57, ""severity"": 1.0, ""sentiment"": 0.61}"
cd08d518-426a-4c78-abaf-20b3e2b818da,topic,"Love this app, love the ease of use and lyric for songs I'm not familiar with.",usability,praise,1,catalog,praise,1,"{""topic"": 0.62, ""intent"": 1.0, ""severity"": 1.0, ""sentiment"": 0.71}"
cd4d5029-ee07-484d-b126-555743f2f9eb,severity,Get rid of smart shuffle. Terrible inconvenient feature.,usability,complaint,3,usability,complaint,2,"{""topic"": 0.97, ""intent"": 0.5, ""severity"": 0.45, ""sentiment"": 0.85}"
cd659143-4877-4b57-ba7e-882950287588,topic,Worst app don't install it full of ads and promote premium membership,billing,complaint,2,usability,complaint,2,"{""topic"": 0.38, ""intent"": 0.87, ""severity"": 0.75, ""sentiment"": 0.98}"
cda4eb4f-a018-438d-a188-733e875bf60f,topic|intent|severity,Saleee bhikarii,billing,complaint,2,other,unclear,1,"{""topic"": 0.47, ""intent"": 0.49, ""severity"": 0.8, ""sentiment"": 0.91}"
cdba41d3-eea5-4b67-88e5-1a7488e1f097,topic,"This is the most complicated and restricting music app ive ever used in my life. You can go back on songs, whenever you select a song it doesn't even play the song you selected, and i get bombarded with ads every time i do anything, i only get 6 skips per hour. It's honestly a very terrible app.",playback,complaint,4,billing,complaint,4,"{""topic"": 0.53, ""intent"": 1.0, ""severity"": 0.5, ""sentiment"": 0.93, ""quote"": 0.92}"
cdbb282c-ede1-40a2-8279-caac1911d70e,intent,Thanks for sponsoring Barca,other,unclear,1,other,praise,1,"{""topic"": 1.0, ""intent"": 0.87, ""severity"": 1.0, ""sentiment"": 0.83}"
cdcebaac-de0f-4ad5-aed9-ad8f7e4cf4e2,intent,Previous Spotify was fine but it locked the song you want to play and I don't have money to get premium please bring the previous Spotify back,billing,complaint,3,billing,request,3,"{""topic"": 0.95, ""intent"": 0.42, ""severity"": 0.71, ""sentiment"": 0.84}"
cde4405a-fc81-44e9-81b7-8588c65d2d1f,severity,Absolutely hate that there's no option to disable auto play when opening the app or connecting to a Bluetooth device. I do not want audio to immediately start playing when I connect to a Bluetooth device or open the app! Why this feature isn't available is beyond my understanding.,usability,complaint,2,usability,complaint,3,"{""topic"": 0.97, ""intent"": 0.51, ""severity"": 0.47, ""sentiment"": 0.9, ""quote"": 0.94}"
ce2e8c87-e82f-412f-bb4f-56f07ebdec24,severity,I pay for premium but still get ads in podcasts,billing,complaint,3,billing,complaint,4,"{""topic"": 0.98, ""intent"": 1.0, ""severity"": 0.59, ""sentiment"": 0.82}"
ce86d768-bc36-49a1-aad8-ee3e7ed26d0e,topic|intent|severity,Ads is over,usability,complaint,2,other,praise,1,"{""topic"": 0.62, ""intent"": 0.64, ""severity"": 0.5, ""sentiment"": 0.0}"
ce8b74fb-df64-4cda-a0a2-f8311ca7aacf,topic,I really loved this app always listen my favourite artist on it on loop but now you have removed simple feature of continuous playing of songs in an album. Now i think i have to delete this app and switch on another app.,usability,cancellation,4,playback,cancellation,4,"{""topic"": 0.69, ""intent"": 0.97, ""severity"": 0.45, ""sentiment"": 0.58, ""quote"": 1.0}"
ce8fe104-51fe-4546-98ce-763ec3a14290,topic,The desktop app is buggy af everytime i wanna go to the middle of the song or something or even skip a couole of seconds it doesnt let me it changes the song to the next one There is alot of problems in ur desktop app (windows) and i download it from ur own website not from microsoft store or someth,usability,complaint,4,playback,complaint,4,"{""topic"": 0.53, ""intent"": 1.0, ""severity"": 0.5, ""sentiment"": 0.79}"
ceb39230-b289-4620-854f-6f89fa8cb11f,topic|severity,For rich people,billing,complaint,2,other,complaint,1,"{""topic"": 0.75, ""intent"": 0.91, ""severity"": 0.9, ""sentiment"": 0.82}"
ced5d175-9603-415c-a362-dec053703a52,topic,"Good app but I also recommend showing a song/album/podcast editor so that other can make songs, albums, and podcasts but as I was saying Good app",other,request,1,usability,request,1,"{""topic"": 0.43, ""intent"": 0.7, ""severity"": 0.99, ""sentiment"": 0.92}"
ced6fc1d-24ab-4376-80a3-9a64ed792d18,severity,😡😡🤬🤬🤬,other,complaint,2,other,complaint,1,"{""topic"": 1.0, ""intent"": 0.86, ""severity"": 0.81, ""sentiment"": 0.94}"
cef36123-6c42-4430-b961-22d1139a1be1,topic,"I've been using Spotify for almost 10 years, it is fantastic, for £10 a month which would be the cost of a CD you get unlimited music and podcasts. They've got everything too! And it can be downloaded for when you don't have Internet or are abroad. It's so good, even my partner joined last year and ",billing,praise,1,other,praise,1,"{""topic"": 0.39, ""intent"": 1.0, ""severity"": 1.0, ""sentiment"": 0.99, ""quote"": 0.72}"
cf0f05a6-4d15-4f90-8293-713a19ffb6ef,severity,It great but I wish they removed ads and let unlimited skips and let u replay ur songs,billing,request,2,billing,request,3,"{""topic"": 0.43, ""intent"": 0.9, ""severity"": 0.45, ""sentiment"": 0.73}"
cfa732d9-5810-4dda-b17e-ec296a8faaed,topic,Great app...even has Buckethead,other,praise,1,catalog,praise,1,"{""topic"": 0.47, ""intent"": 1.0, ""severity"": 1.0, ""sentiment"": 0.9}"
d00c6135-184e-43d6-ab9b-c529e1206537,severity,"Hm Spotify if you reading this your app Your becoming apple but as a music app pls put the old features freedom of control the music 🎵 pls just pls u will get again on lead "" * memory rebooted plays * """,usability,request,2,usability,request,3,"{""topic"": 0.99, ""intent"": 0.9, ""severity"": 0.42, ""sentiment"": 0.61}"
d05be728-69b5-4fa1-8922-4b3d4043bfdf,topic,Previously was good.latest update makes it the worst Not able to play songs as per wish. Not even possible to skip a song after 6 tries. Straightaway uninstalled.,usability,cancellation,4,playback,cancellation,4,"{""topic"": 0.57, ""intent"": 0.97, ""severity"": 0.71, ""sentiment"": 0.97}"
d0d59639-0c29-4662-aa98-cdb3d454e1db,intent,Elvis is great,other,unclear,1,other,praise,1,"{""topic"": 0.83, ""intent"": 0.39, ""severity"": 1.0, ""sentiment"": 0.75}"
d128cf62-bf04-4bc4-8da8-bb34ad626ad2,topic,Great app for streaming music Good selection.,catalog,praise,1,other,praise,1,"{""topic"": 0.69, ""intent"": 1.0, ""severity"": 1.0, ""sentiment"": 0.92}"
d1457b8c-d043-4090-bff4-4a6b613b7a87,severity,Very poor update not able replay and select part of song,playback,complaint,4,playback,complaint,3,"{""topic"": 0.28, ""intent"": 1.0, ""severity"": 0.44, ""sentiment"": 0.63}"
d1e82f6e-a9be-47db-91aa-df96adeb550a,intent,"Its good if you want to listen to music and podcasts but I have a few problems with it. I think it should let you skip as many songs as you want in a playlist, it is very annoying when it says that you can't skip anymore and you're stuck on the song you don't like. The second reason is it's hard to ",usability,cancellation,3,usability,complaint,3,"{""topic"": 0.94, ""intent"": 0.52, ""severity"": 0.91, ""sentiment"": 0.63, ""quote"": 0.99}"
d1fef23a-8779-494b-afaa-a3d9919d742f,severity,Just about lost all my library but you guys are always helpful..... love it! I've recommended Spotify for years !,support,praise,1,support,praise,4,"{""topic"": 0.75, ""intent"": 0.81, ""severity"": 0.07, ""sentiment"": 0.54}"
d2047961-cebd-4153-af6f-08fabd47f691,severity,It's okay. You need to expand and/or keep on updating your music library. It's frustrating to find some of the songs not available on Spotify.,catalog,complaint,3,catalog,complaint,2,"{""topic"": 1.0, ""intent"": 0.54, ""severity"": 0.71, ""sentiment"": 0.75}"
d214b80b-e763-4682-a9e6-ac2184385c45,severity,Don't use this app because you will just listen ads not music so I don't recommended otherwise your choice if you're interested in listening ads,usability,complaint,2,usability,complaint,3,"{""topic"": 0.77, ""intent"": 0.95, ""severity"": 0.64, ""sentiment"": 0.63}"
d2333c80-aced-4950-ae26-11477a5e2bc8,intent,If I can be there I will make the changes,other,request,1,other,unclear,1,"{""topic"": 0.94, ""intent"": 0.37, ""severity"": 1.0, ""sentiment"": 0.89}"
d267d631-cc44-4b29-84e4-25c00ea4b53a,severity,"This app is amazing, but the new update ruined it, i prefer the penultimate version ( one before this )",usability,complaint,3,usability,complaint,2,"{""topic"": 0.81, ""intent"": 0.94, ""severity"": 0.59, ""sentiment"": 0.69}"
d2c514b6-629d-4d1c-a41d-62e9e19a2bf6,topic,It's a really great app for streaming music especially the premium feature,billing,praise,1,other,praise,1,"{""topic"": 0.39, ""intent"": 1.0, ""severity"": 1.0, ""sentiment"": 0.62}"
d2f382c3-b769-4d72-aa21-eb4093c97d60,topic,idefk what i am doing here i just want to lisnen to phonk songs from that guy i saw in tiktok,other,unclear,1,catalog,unclear,1,"{""topic"": 0.57, ""intent"": 0.81, ""severity"": 0.99, ""sentiment"": 0.93}"
d35dd9a7-fa10-455f-a839-8014fea4ab5a,topic,This app is so good it has the best sound quality and you can also listen offline. Love app. Thanks Spotify,playback,praise,1,downloads,praise,1,"{""topic"": 0.71, ""intent"": 1.0, ""severity"": 1.0, ""sentiment"": 0.98}"
d391fe14-3867-4934-85f2-bd2b76d4cb55,topic,"I've had Spotify for a few years now. Love my playlists and the random ones Spotify creates for me. For ten dollars a month, I can listen to whatever/whenever I want...ad free. Love it!!!",other,praise,1,billing,praise,1,"{""topic"": 0.37, ""intent"": 1.0, ""severity"": 1.0, ""sentiment"": 1.0}"
d3d28aeb-00d2-4b32-b811-0328c44f7a0e,topic,Can't able to fast forward or backward the songs from past 4-5 months.... I am user since a year now and after contacting the spotify support they transfered my data into new account but still the problem coming....Very poor experience.,usability,complaint,4,playback,complaint,4,"{""topic"": 0.55, ""intent"": 1.0, ""severity"": 0.65, ""sentiment"": 0.63, ""quote"": 1.0}"
d4e6d1a2-f535-480b-afcb-0a8f41a5122d,topic,Very intuitive and one of the best song gallery among Music apps!,usability,praise,1,other,praise,1,"{""topic"": 0.54, ""intent"": 1.0, ""severity"": 1.0, ""sentiment"": 0.83}"
d51bbe39-c62b-4619-9581-d691f91d4155,topic,"1)Only app in my phone that takes 50-60 secs to launch. 2) It says ""enjoy the next 30 minutes of UNINTERRUPTED music"", and proceeds to show an ad every 5 minutes. Scam.",usability,complaint,3,billing,complaint,3,"{""topic"": 0.6, ""intent"": 1.0, ""severity"": 0.64, ""sentiment"": 0.94}"
d57d2f50-4cb1-47ff-b45a-0ee8487e4840,severity,Garbage total garbage we just hear like that songs from youtube,catalog,complaint,2,catalog,complaint,3,"{""topic"": 0.7, ""intent"": 1.0, ""severity"": 0.66, ""sentiment"": 0.97}"
d585d115-1738-4422-afd6-2663748e1dda,topic,"Songs doesn't play in yhe order i want to, even Ganna has it in free, why not spotify. This is becoming the worst app to listen music from",usability,complaint,3,playback,complaint,3,"{""topic"": 0.77, ""intent"": 1.0, ""severity"": 0.7, ""sentiment"": 0.71}"
d5941e95-5f8c-45f8-8d28-1fcc1f868352,topic,Can't live w/out it Spotify sounds amazing. Clear and crisp.,playback,praise,1,other,praise,1,"{""topic"": 0.46, ""intent"": 1.0, ""severity"": 1.0, ""sentiment"": 0.97}"
d5fddd43-5444-4adb-b728-d40ca17e85ff,intent|severity,Marred our basic rights,other,complaint,2,other,unclear,1,"{""topic"": 0.79, ""intent"": 0.5, ""severity"": 0.51, ""sentiment"": 0.82}"
d6217cc7-d475-43fb-b0e4-e827115c8b37,severity,This 5Star for the exceptional freemium you offered before...,billing,complaint,2,billing,complaint,1,"{""topic"": 0.65, ""intent"": 0.62, ""severity"": 0.35, ""sentiment"": 0.08}"
d6a6f69a-e77e-4b46-9e84-a61b84253ed5,topic,I cant fastforward or rewind my music .. I dont know how to fix this issue.,usability,complaint,4,playback,complaint,4,"{""topic"": 0.66, ""intent"": 0.89, ""severity"": 0.57, ""sentiment"": 0.94}"
d6bc2d1b-f6d7-4932-b1da-a66c75359e5e,severity,"I've been using this app from 2 years this app is best music listening app but new update is so irritating and worse. For subscription, they are updating it worsen and worsen",billing,complaint,3,billing,complaint,2,"{""topic"": 0.77, ""intent"": 1.0, ""severity"": 0.42, ""sentiment"": 0.82}"
d6c8486d-95f7-4f5f-b0ff-5388d89fd829,intent|severity,Bicote this application,other,unclear,2,other,cancellation,1,"{""topic"": 1.0, ""intent"": 0.56, ""severity"": 0.51, ""sentiment"": 0.87}"
d7077aca-2d83-4df8-94a0-ce0ec35a8e5a,topic|severity,Worked perfectly before updates..and now the Spotify became greedy and lost all the ratings,billing,complaint,2,usability,complaint,3,"{""topic"": 0.75, ""intent"": 1.0, ""severity"": 0.85, ""sentiment"": 0.83}"
d732edcd-bfcf-45b1-b1c0-15c7dc352cbb,severity,Very worse planing Spotify. Plz make it better for us . Money is not always everything. Jst to sell your subscription don't use this formula,billing,complaint,3,billing,complaint,2,"{""topic"": 0.95, ""intent"": 0.4, ""severity"": 0.69, ""sentiment"": 0.89}"
d7381a0c-4b8d-44ec-8470-3fa71d42db1d,topic|severity,The liked songs are not playing in chronology since last 4-5 days. Again trying with re installing. Perhaps my last renewal of rent. Disgusting,usability,complaint,4,playback,complaint,3,"{""topic"": 0.79, ""intent"": 1.0, ""severity"": 0.52, ""sentiment"": 0.74}"
d75a5a95-43b2-45ee-b39f-c3cb147968c0,topic,Wt the hell with this new update i can't even go back to the last song and it is not playing the songs from my liked songs,usability,complaint,4,playback,complaint,4,"{""topic"": 0.76, ""intent"": 0.99, ""severity"": 0.61, ""sentiment"": 0.7}"
d7668f4d-9bcf-49a3-ad67-6756b7222184,topic|intent,"The app works really great, but my problem is that whenever I try to shuffle play my liked songs, it doesn't have every song in the pool, instead it chooses a random song from later in the queue to end at and then it goes to a song radio based on that song, is there some way to fix this?",usability,request,3,playback,complaint,3,"{""topic"": 0.78, ""intent"": 0.77, ""severity"": 0.87, ""sentiment"": 0.91}"
d79e33b9-5c23-4eef-a90f-6ff58de9067c,topic,This app is the best it was so easy to use I am in love with Spotify 💟 best!,other,praise,1,usability,praise,1,"{""topic"": 0.55, ""intent"": 1.0, ""severity"": 1.0, ""sentiment"": 1.0}"
d7c41179-8270-4b43-b74b-8efa293dac4d,topic,"I LOVE you guys. I had the PREMIUM but couldn't had to pick between Premium or Medicine, so the MEDICINE won out. But I still LOVE listening to MY Sanity with the FREE service.",billing,praise,1,other,praise,1,"{""topic"": 0.68, ""intent"": 0.39, ""severity"": 0.82, ""sentiment"": 0.62}"
d7e805ba-e750-476f-8985-2738d397a4f1,topic,New changes are not nice 🥵,usability,complaint,2,other,complaint,2,"{""topic"": 0.51, ""intent"": 0.99, ""severity"": 0.94, ""sentiment"": 0.96}"
d84f4dc3-3b6e-464c-8408-a7179bfdeba1,severity,"After finding out that the price for premium will increase next month, I'm considering cancelling. as can no longer afford it anymore",billing,cancellation,2,billing,cancellation,1,"{""topic"": 1.0, ""intent"": 0.99, ""severity"": 0.18, ""sentiment"": 0.9}"
d858ab6f-ef41-4247-ac6d-dbd9de89d2d9,intent|severity,Your country disrespected our quran,other,complaint,2,other,unclear,1,"{""topic"": 1.0, ""intent"": 0.82, ""severity"": 0.41, ""sentiment"": 0.89}"
d8654746-dcc4-45e3-88fc-df2df4e6aff7,topic,Too much Bad app I choose one song to play but it plays only which I don't want. I m going to uninstall this app with zero rating such a headache.,playback,cancellation,4,usability,cancellation,4,"{""topic"": 0.61, ""intent"": 0.99, ""severity"": 0.41, ""sentiment"": 0.99}"
d87538cb-8b49-40d5-817f-3df84c80b12b,severity,Nhi choding 🤬,other,complaint,2,other,complaint,1,"{""topic"": 1.0, ""intent"": 0.46, ""severity"": 0.44, ""sentiment"": 0.7}"
d884e111-14eb-445a-a127-9ee1cb745356,topic,It's really good and all but songs sometimes get deleted and that's pretty annoying,downloads,complaint,3,catalog,complaint,3,"{""topic"": 0.52, ""intent"": 1.0, ""severity"": 0.8, ""sentiment"": 0.7}"
d8ce365d-a781-4bea-939d-9cf187079acf,severity,All wase premium 😭😤😤 Unistall the app all members Mt advice to you don't install please 🙉,billing,cancellation,3,billing,cancellation,4,"{""topic"": 0.98, ""intent"": 0.94, ""severity"": 0.46, ""sentiment"": 0.99}"
d9362168-9279-4c2b-8873-2251dfa7616d,severity,Amazing Fantastic But not downloads ☺☺☺☺☺☺☺☺,downloads,complaint,4,downloads,complaint,3,"{""topic"": 1.0, ""intent"": 0.8, ""severity"": 0.4, ""sentiment"": 0.55}"
d9ce298f-7368-4a35-bba3-f85108f8bff0,topic|severity,This thing took all our basic human rights of listening to music 😭,billing,complaint,3,other,complaint,2,"{""topic"": 0.74, ""intent"": 1.0, ""severity"": 0.4, ""sentiment"": 0.93}"
d9eeefa6-9d7d-4174-90c9-b576a1db94eb,topic,My playlist is great 👍👍,usability,praise,1,other,praise,1,"{""topic"": 0.81, ""intent"": 1.0, ""severity"": 1.0, ""sentiment"": 0.94}"
da2663f4-ddfa-463b-af4f-e7e231aa64aa,intent|severity,This app remove from Play Store,other,request,2,other,cancellation,1,"{""topic"": 1.0, ""intent"": 0.62, ""severity"": 0.52, ""sentiment"": 0.93}"
da3c4419-e38c-463f-b2f9-89ce0fc60278,severity,"New updation is worst, so i uninstalled the app.",other,cancellation,2,other,cancellation,4,"{""topic"": 0.35, ""intent"": 0.99, ""severity"": 0.26, ""sentiment"": 0.87}"
da790c7a-e733-4e65-9d7b-82d47bef6d9f,intent,Songs would play then stop and wouldn't play anymore. I've uninstalled and reinstall the app repeatedly but only to have the same problem every time. First time ever to have an issue with this app in two years I've had it downloaded and have enjoyed listening to the music I like.,playback,cancellation,4,playback,complaint,4,"{""topic"": 1.0, ""intent"": 0.56, ""severity"": 0.99, ""sentiment"": 0.67, ""quote"": 1.0}"
da96d1b7-1514-4c69-911c-18e564474505,topic,"This is really a good app, you get to listern to the latest artist, its soo good",other,praise,1,catalog,praise,1,"{""topic"": 0.55, ""intent"": 1.0, ""severity"": 1.0, ""sentiment"": 0.59}"
dac08648-2394-4c3a-8eb9-672293af2dfc,intent,Keeps turning on when I open google maps. If this is happening to anyone else I found deleting the app is the solution.,playback,complaint,3,playback,cancellation,3,"{""topic"": 0.51, ""intent"": 0.68, ""severity"": 0.39, ""sentiment"": 0.88}"
daccecf7-4118-4ff9-9993-a50f714c60b7,topic,Very easy to use and plenty of song selections in every genre.,usability,praise,1,other,praise,1,"{""topic"": 0.73, ""intent"": 1.0, ""severity"": 1.0, ""sentiment"": 0.76}"
dad73ed3-1153-4813-b7e9-ecda098f9c51,topic,It is a good app for listening songs.. But if you don't have premium you can't download songs there should be a non premium download system,billing,request,3,downloads,request,3,"{""topic"": 0.57, ""intent"": 0.84, ""severity"": 0.65, ""sentiment"": 0.84}"
db4fca63-7360-4a65-87a7-4e6d6da1243a,topic,The app is getting worse after each update 😶😶,other,complaint,2,usability,complaint,2,"{""topic"": 0.89, ""intent"": 1.0, ""severity"": 0.9, ""sentiment"": 0.99}"
db5708e7-db92-4eb5-991f-2fa23712b6ea,topic,Only prime use,other,unclear,1,billing,unclear,1,"{""topic"": 0.75, ""intent"": 0.82, ""severity"": 0.95, ""sentiment"": 0.43}"
dbccc9a0-1e61-424f-b53a-0e9ed3871e00,topic,Worst updates day by day I can't listen music from middle 😭😭😭😭😭,usability,complaint,4,playback,complaint,4,"{""topic"": 0.44, ""intent"": 1.0, ""severity"": 0.47, ""sentiment"": 0.94}"
dbcffc2f-c39a-47e1-9943-49f0942134af,topic,Love it. Definitely worth the price.,other,praise,1,billing,praise,1,"{""topic"": 0.78, ""intent"": 1.0, ""severity"": 1.0, ""sentiment"": 0.77}"
dc0a9187-31a6-4dbd-ba26-8bef4d2e3834,topic,Plays songs not in my playlist,usability,complaint,3,playback,complaint,3,"{""topic"": 0.62, ""intent"": 1.0, ""severity"": 0.77, ""sentiment"": 0.97}"
dc313760-807f-414d-b198-66d939375517,topic,"I love it! I've had this app for years, and I've never had an issue with it. Every update is always amazing and I've never come across anything inefficient or negative. The premium availability is a huge win and I think the extra buck for it is worth it! Spotify is the one and only top music streami",catalog,praise,1,other,praise,1,"{""topic"": 0.68, ""intent"": 1.0, ""severity"": 1.0, ""sentiment"": 1.0, ""quote"": 0.89}"
dd2f2e03-e7a9-4230-8866-1d415b7bc957,topic,"Past updates like not able to listen different part of song as per our convenience, not able listen the songs in playlist conveniently and many more are very bad updates till date",billing,complaint,3,usability,complaint,3,"{""topic"": 0.55, ""intent"": 1.0, ""severity"": 0.66, ""sentiment"": 0.72}"
dd6b6935-c6db-476f-be29-c7b580c8cd72,severity,I have re-install it many times but the issue stiil didn't go. No song in the app shows me lyrics and I can't drag the music on my own wish. It makes me frustrated. I think as the time goes by the app start malfunctioning. Very disappointed 😞.,usability,complaint,3,usability,complaint,4,"{""topic"": 0.5, ""intent"": 1.0, ""severity"": 0.61, ""sentiment"": 0.79, ""quote"": 0.97}"
dd895ad5-a0a1-470e-9e34-0eb68dbe52fb,severity,"Spotify is great, I just wish the Repeat song option would stay even if I change the song. Also my wrap isn't accurate at all, there's even a song I added barely a month ago and barely listened to that somehow made it to the Top 5. Also please don't group all Korean songs into K-pop. Just because it",usability,complaint,2,usability,complaint,3,"{""topic"": 0.77, ""intent"": 0.42, ""severity"": 0.66, ""sentiment"": 0.8, ""quote"": 0.72}"
dd9c97bc-45ea-48a2-9718-2017c4e73f3e,topic|severity,"Takes more than a couple of seconds to load liked songs, a bit slow than other parts of the app",usability,complaint,3,playback,complaint,2,"{""topic"": 0.61, ""intent"": 0.99, ""severity"": 0.45, ""sentiment"": 0.66}"
ddb27169-3e38-4e03-ad7f-f7d021ffe606,intent,Poptastic,other,praise,1,other,unclear,1,"{""topic"": 1.0, ""intent"": 0.57, ""severity"": 0.99, ""sentiment"": 0.6}"
ddf61911-5dcf-413d-adaf-8c157e10adef,topic|severity,I rated it 3 stars because when i just wanna listen to a Song it just Makes me listen to a other song So please fix this software glitch.,usability,complaint,3,playback,complaint,4,"{""topic"": 0.43, ""intent"": 0.5, ""severity"": 0.51, ""sentiment"": 0.93}"
de086fb9-6f48-47f9-9a38-cb78b916da38,intent|severity,Great music app just wish it would reatorw my premium purchase,billing,complaint,3,billing,request,5,"{""topic"": 0.94, ""intent"": 0.39, ""severity"": 0.31, ""sentiment"": 0.62}"
de331c24-c257-487a-b09d-02802fe4e559,severity,"Ads aint bad, best selection I've seen so far, let's pick your own songs and Playlist unlike similar apps, but christ if u look at ur phone funny it stops playing, let alone if u open another app or try to do anything else on your phone",playback,complaint,3,playback,complaint,4,"{""topic"": 0.51, ""intent"": 0.99, ""severity"": 0.45, ""sentiment"": 0.85}"
de3b79a6-3ec6-4a88-9d24-2ccd6d44bfbf,topic,The updates are horrendous,other,complaint,2,usability,complaint,2,"{""topic"": 0.93, ""intent"": 1.0, ""severity"": 0.94, ""sentiment"": 0.62}"
de5ddc19-eff8-40d5-9211-252bc6089df2,topic,"Cannot skip to another part of same music,why spotify removed this.",usability,complaint,3,playback,complaint,3,"{""topic"": 0.85, ""intent"": 0.66, ""severity"": 0.75, ""sentiment"": 0.97}"
dec213d9-3e56-40e5-93eb-4cb7f218d16b,topic,"Bruh, this app used to be the king in this field , now I can't even forward the song , it's glitching like hell",usability,complaint,4,playback,complaint,4,"{""topic"": 0.74, ""intent"": 1.0, ""severity"": 0.52, ""sentiment"": 0.68}"
df08dd20-eac6-4ae0-acda-d013e38d417f,severity,Yeh ek ghtiyan app hai,other,complaint,2,other,complaint,1,"{""topic"": 0.99, ""intent"": 0.81, ""severity"": 0.84, ""sentiment"": 0.47}"
df124f3a-9a8b-4d95-a271-33b4b8c5d0fa,topic,They have done such a bad thing to remove basic things . We just cannot play our choice of song.,billing,complaint,4,playback,complaint,4,"{""topic"": 0.74, ""intent"": 1.0, ""severity"": 0.5, ""sentiment"": 0.79}"
df6e2f57-1e8e-48ca-8933-409b29325678,severity,"The worst music app, I can't even play songs that I want anymore. It won't even let me loop the songs and you have have to pay for basically everything like as if the ads weren't already a pain.",billing,complaint,3,billing,complaint,4,"{""topic"": 0.73, ""intent"": 1.0, ""severity"": 0.64, ""sentiment"": 0.94}"
dff0b150-4dc7-4308-bad2-9a726c873666,severity,"Everything was fine till October 23,2023 but now it just got worse all the basic features have been taken away. I can't put it on repeat, there's auto shuffle and can't play the songs in the way I want, I can't decide the from where to play the songs, can't choose to play any song on my own. I don't",usability,cancellation,3,usability,cancellation,4,"{""topic"": 0.57, ""intent"": 0.97, ""severity"": 0.51, ""sentiment"": 0.93, ""quote"": 0.58}"
e00e6b86-69b1-4f31-95cf-7a0482fa3e46,topic,Adds 😔😔,other,complaint,2,usability,complaint,2,"{""topic"": 0.5, ""intent"": 0.26, ""severity"": 0.39, ""sentiment"": 0.53}"
e03d9eb3-6927-4286-9aaf-b9818ed6f1da,topic|severity,"Seems like You are getting very poor , now we can not even listen our favorite part of the song.. -_- Bruhh!! Not wanted to even give 1 star.....",billing,complaint,3,playback,complaint,4,"{""topic"": 0.62, ""intent"": 1.0, ""severity"": 0.75, ""sentiment"": 0.81}"
e05a1ab3-91ea-4fc7-a366-a98cb055d53e,topic|severity,Seriously what's happening.It's disappointing!! It's no more the spotify we liked it.And if you think you will get users to get premium this way then let me tell you that you guys are not going to gain users rather lose users. It's disheartening please It's a request bring back the old version,billing,request,2,usability,request,3,"{""topic"": 0.38, ""intent"": 0.35, ""severity"": 0.32, ""sentiment"": 0.71, ""quote"": 0.44}"
e05af741-f536-42ac-91bb-f008a7f5770a,topic,Can't use the search option anymore. Keeps on saying 'No internet connection' while my internet works just fine. It's getting impossible to use Spotify with all these bugs. Please fix it.,catalog,complaint,4,playback,complaint,4,"{""topic"": 0.93, ""intent"": 0.94, ""severity"": 0.76, ""sentiment"": 0.77}"
e09beebf-825d-4fd7-9716-128c35fa9398,severity,The app plays too many ads in a row. I've counted multiple times and I get between 5:00 and 9 ads between like two songs. I could deal with that but combine that with only six skips per session and I would rather use YouTube music and just leave my phone screen open. At least YouTube music only play,usability,complaint,2,usability,complaint,3,"{""topic"": 0.86, ""intent"": 0.87, ""severity"": 0.42, ""sentiment"": 0.75, ""quote"": 0.95}"
e0a3a9f1-45c0-44eb-8403-57f991b020f0,severity,l hate this app and sewden l love lslam,other,complaint,2,other,complaint,1,"{""topic"": 1.0, ""intent"": 0.94, ""severity"": 0.9, ""sentiment"": 0.71}"
e0f2b5ad-581b-42af-8263-12a49a2dc2fb,severity,It's a cheap trick putting basic things in a premium . Always gives update just to make it more worse . Lots of people are uninstalling the app all thanks your latest upgrade couldn't think worst than this .,billing,complaint,2,billing,complaint,3,"{""topic"": 0.78, ""intent"": 0.56, ""severity"": 0.47, ""sentiment"": 0.97, ""quote"": 1.0}"
e13891bd-2ea6-4e43-a6b7-f6febd03c23e,severity,Uninstall And Report Ratting,other,cancellation,2,other,cancellation,1,"{""topic"": 0.95, ""intent"": 0.92, ""severity"": 0.6, ""sentiment"": 0.95}"
e17e8faf-9643-4267-a3b0-0ab32d679840,intent|severity,Fzol,other,complaint,2,other,unclear,1,"{""topic"": 1.0, ""intent"": 0.9, ""severity"": 0.92, ""sentiment"": 0.57}"
e1819c72-c2bc-4ec3-87a7-f9228076e5b8,topic,If you keep playing suggested songs I will actually just manually download the songs myself and never use this stupid app again,usability,cancellation,3,playback,cancellation,3,"{""topic"": 0.62, ""intent"": 0.57, ""severity"": 0.62, ""sentiment"": 0.76}"
e1a053c3-7887-4519-8d09-de84beb8f3d8,severity,"it's is the best I've tried, in terms of ui and songs, but it's the most buggy app I've ever used. sometimes I'll add 10 songs to the queue and it won't have saved them, also every time i have slow internet nothing in the app loads, even though everything is downloaded",usability,complaint,3,usability,complaint,4,"{""topic"": 0.47, ""intent"": 1.0, ""severity"": 0.4, ""sentiment"": 0.69, ""quote"": 0.58}"
e1f348b0-c2e3-459b-8060-052e61a4f186,topic,"Very well audio songs listening, I like this very much more than other apps.",other,praise,1,playback,praise,1,"{""topic"": 0.44, ""intent"": 1.0, ""severity"": 1.0, ""sentiment"": 0.72}"
e274ea9c-caec-4195-be61-b2651c1864b1,severity,The app is best im user for years im free user but I have one problem its that when the ads come it says that after 30 mins of listing music I'll get ad but after 15 mins or more I get ads Sportify please tell the truth don't do this things tell the proper time of when the ads come The app is best o,usability,complaint,2,usability,complaint,3,"{""topic"": 0.87, ""intent"": 0.81, ""severity"": 0.47, ""sentiment"": 0.9}"
e2f14241-eea7-40ea-8608-8ba4845c91aa,intent,"its a super good app,only if you have the premium,is kinda annoying in the normal plan,but im so happy w the premium",billing,praise,2,billing,complaint,2,"{""topic"": 0.94, ""intent"": 0.6, ""severity"": 0.49, ""sentiment"": 0.74}"
e3010157-af5c-4692-bfe0-746cf4242813,topic|intent|severity,I have spotify premium on my Samsung a10 and my A.I DJ doesn't work? Help,support,complaint,3,playback,request,4,"{""topic"": 0.21, ""intent"": 0.46, ""severity"": 0.4, ""sentiment"": 0.61}"
e3d22c0c-f4fa-417f-94a4-3aae15c83135,topic|severity,It was a really good app but after the recent update I am not able to skip more than six song Or play the song of my choice or listen to a specific part of the song very disappointed😞,usability,complaint,3,billing,complaint,4,"{""topic"": 0.66, ""intent"": 1.0, ""severity"": 0.84, ""sentiment"": 0.96}"
e480a6f1-d9b4-45bd-bf70-f582edde8acf,topic,I really like the music plays WHILE you surf the web,usability,praise,1,playback,praise,1,"{""topic"": 0.59, ""intent"": 0.81, ""severity"": 0.75, ""sentiment"": 0.27}"
e4e7b2c0-a708-495d-a0cc-7309a6a8396a,topic,Super playing songs,other,praise,1,playback,praise,1,"{""topic"": 0.63, ""intent"": 0.95, ""severity"": 1.0, ""sentiment"": 0.8}"
e4f86092-870d-42e4-9605-7d07ecbaf7fe,topic,I don't like changes in this app,usability,complaint,2,other,complaint,2,"{""topic"": 0.58, ""intent"": 1.0, ""severity"": 0.97, ""sentiment"": 0.97}"
e573cda0-c2b7-46da-bf35-ec19b370e104,topic,Loved the music you played for me.,catalog,praise,1,other,praise,1,"{""topic"": 0.44, ""intent"": 1.0, ""severity"": 1.0, ""sentiment"": 0.77}"
e5f88fdc-f9b4-44e9-916c-c4d907e4e9c1,intent,"Best music app I've ever had, Love it. Easy use, only downside is, premium is hard to locate sometimes but thats it",usability,complaint,2,usability,praise,2,"{""topic"": 0.46, ""intent"": 0.41, ""severity"": 0.89, ""sentiment"": 0.77}"
e60080c4-e5bf-4e39-9d56-3235c254a256,topic,Awesome selection!!,catalog,praise,1,other,praise,1,"{""topic"": 0.83, ""intent"": 1.0, ""severity"": 1.0, ""sentiment"": 0.71}"
e6912de8-9a1c-44a8-a146-a64e30369a0b,topic,"I don't even wish to give a star rating because of the last update since it cancelled most of the rights that we enjoyed like the next que , playing in-between the sing , etc. I will only reinstall this application only if you give us back the freedom that we enjoyed before this update. Sorry for th",billing,complaint,3,usability,complaint,3,"{""topic"": 0.44, ""intent"": 0.25, ""severity"": 0.76, ""sentiment"": 0.72, ""quote"": 1.0}"
e6d1d8b9-7aeb-4c26-b701-9d0efde516f8,topic,I can't even see my spotify wrapped n all awesome features r gone,catalog,complaint,3,billing,complaint,3,"{""topic"": 0.52, ""intent"": 1.0, ""severity"": 0.71, ""sentiment"": 0.75}"
e6dadf00-3d6a-47a7-a80d-716435767aff,topic|intent,"I love Spotify! My most favorite piece is the ""DJ"" that plays you your music genres. But what I like THE MOST is when he greets me with my name! ""Hey Khadija! How you doin..."" PLEASE have that work every time because it feels personal and I like it!",other,praise,1,usability,request,1,"{""topic"": 0.42, ""intent"": 0.5, ""severity"": 0.9, ""sentiment"": 0.69, ""quote"": 0.87}"
e771861c-3f50-4fa6-88d5-218f629ca143,intent,Make it paid in the play store itself.. Once you download it's like you have to hear what's given by the company.. Else buy premium... Spotify was nice at one point until now,billing,complaint,3,billing,request,3,"{""topic"": 0.91, ""intent"": 0.47, ""severity"": 0.44, ""sentiment"": 0.82}"
e81b39d5-1d79-4c1d-a8bb-1489578aa9f6,topic,"When you want to listen to a specific song, it plays every other song except the one you want. You only get 6 skips per hour, too, so you cant even try to find it. Free version sucks.",usability,complaint,3,playback,complaint,3,"{""topic"": 0.47, ""intent"": 1.0, ""severity"": 0.45, ""sentiment"": 0.67}"
e877385b-3064-4104-9050-d3ef7468bc06,severity,"Very bad performance, just want premium!!",billing,complaint,2,billing,complaint,3,"{""topic"": 0.57, ""intent"": 0.75, ""severity"": 0.62, ""sentiment"": 0.73}"
e8cace4a-1d86-4dbf-8a0d-8eeef2e60666,topic,Because there is all musics in the app and I like listening to songs,catalog,praise,1,other,praise,1,"{""topic"": 0.71, ""intent"": 1.0, ""severity"": 1.0, ""sentiment"": 0.92}"
e8d10937-83ff-43e2-90bb-06f449007651,severity,"I pay for no adds and yet every time I open the app there is something to close out of. ""Go vote"" ""upgrade to.."" "" listen to this""",usability,complaint,2,usability,complaint,3,"{""topic"": 0.61, ""intent"": 1.0, ""severity"": 0.74, ""sentiment"": 0.94}"
e916827e-94c0-4501-b58a-021d035e93af,topic,"I get an ad every 2 minutes, the skips are limited and I cant listen to the songs I want to. Do I need to say more?",billing,complaint,3,usability,complaint,3,"{""topic"": 0.74, ""intent"": 1.0, ""severity"": 0.8, ""sentiment"": 0.68}"
e93048f2-e894-4baf-8006-09320b20fa7b,topic,Excellent service Christian music,catalog,praise,1,other,praise,1,"{""topic"": 0.75, ""intent"": 1.0, ""severity"": 1.0, ""sentiment"": 0.69}"
e95eecf4-dc16-43d1-8402-8f5f4bffa4bc,intent,"I don't understand as to why I can't loop music or skip it, everything has changed from when I started using this app. I'm very close to deleting it",usability,cancellation,3,usability,complaint,3,"{""topic"": 0.75, ""intent"": 0.65, ""severity"": 0.46, ""sentiment"": 0.76}"
e961db57-4232-43b3-94c1-747fdbe180df,severity,"I watched four ads in a row just for 30 minutes, I thought it was meant to be one ad for 30 minutes instead. edit. I paused it once for not even 10 minutes, I got 3, three ads.",usability,complaint,2,usability,complaint,3,"{""topic"": 0.94, ""intent"": 1.0, ""severity"": 0.6, ""sentiment"": 0.94}"
e97717ec-81e5-43f3-aa03-a3d700d8fa9b,severity,I m uninstalling this app,other,cancellation,2,other,cancellation,1,"{""topic"": 0.94, ""intent"": 1.0, ""severity"": 0.34, ""sentiment"": 0.88}"
e97f0ffb-7a6a-4942-a0a3-a570cf9e2480,topic,This WAS the best app to listen music but now it has become the worst. I think now Spotify days are going to go,billing,complaint,2,other,complaint,2,"{""topic"": 0.46, ""intent"": 0.96, ""severity"": 0.65, ""sentiment"": 0.72}"
e9b16f76-9aa9-4de6-84e8-30d300ae7bd0,severity,Why did you remove kurxxed diamond and meet me in the pale moonlight by saint epico spotify. 😭😭😭😭,catalog,complaint,2,catalog,complaint,3,"{""topic"": 1.0, ""intent"": 0.56, ""severity"": 0.44, ""sentiment"": 0.82}"
e9cc25ca-4693-40aa-a1b4-33bedf628467,severity,"Everything was going well and good, I really loved using the app, the algorithm it used to give me my taste of songs, I've loved it. Until I was stopped able to stop shuffle the sequence of songs, number of songs that can be skipped and played per day are now limited, to force users to buy premium,.",billing,cancellation,4,billing,cancellation,3,"{""topic"": 0.74, ""intent"": 0.85, ""severity"": 0.52, ""sentiment"": 0.89, ""quote"": 1.0}"
e9f467c0-7e57-4c46-96a8-369b96b852e4,severity,"I hated this app. I searched up the song I wanted to listen to but it only played suggested songs. I can't turn it off. I just want to listen to the music but it doesn't work and it gets me so frustrated! And with the ads, whenever it says I'll get 30 minutes of no ads. Within 7-8 minutes, it keeps ",playback,complaint,4,playback,complaint,3,"{""topic"": 0.41, ""intent"": 0.97, ""severity"": 0.79, ""sentiment"": 0.95, ""quote"": 0.92}"
ea01c0ec-2fc5-4adb-afdd-53443bcdae01,intent,Fascinated,other,unclear,1,other,praise,1,"{""topic"": 1.0, ""intent"": 0.9, ""severity"": 1.0, ""sentiment"": 0.76}"
ea10f096-66a5-4edc-b173-0165d090f207,topic,"I love Spotify, it has all my favorite music!",catalog,praise,1,other,praise,1,"{""topic"": 0.66, ""intent"": 1.0, ""severity"": 1.0, ""sentiment"": 0.89}"
ea5470b0-5942-457b-ab34-38ca2b2a3e8f,topic,Orsum can pick any song I like choice.,usability,praise,1,other,praise,1,"{""topic"": 0.45, ""intent"": 0.45, ""severity"": 0.94, ""sentiment"": 0.77}"
ea5c64a3-11c1-45c4-88ec-4c3c736794fd,topic|severity,"I never thought the transition from ""the best"" to ""THE worst"" was this smooth. The recent update of spotify is just so damn disappointing. Going to uninstall the app soon to find an alternative.",other,cancellation,2,usability,cancellation,3,"{""topic"": 0.42, ""intent"": 0.99, ""severity"": 0.42, ""sentiment"": 0.93}"
ea695b6f-4691-4b72-90c9-977f779f5553,severity,App sucks without premium but I only use it when I have premium so lol,billing,complaint,2,billing,complaint,3,"{""topic"": 0.97, ""intent"": 0.91, ""severity"": 0.49, ""sentiment"": 0.57}"
eb073faa-c98f-41c1-9002-d3cc58497026,topic,No more ads but everything else is amazing,usability,praise,1,other,praise,1,"{""topic"": 0.38, ""intent"": 0.95, ""severity"": 0.91, ""sentiment"": 0.73}"
eb32326f-181e-471c-ba4b-f233c74b527c,intent,🤮🤮🤮🤮🤮🤮🤮🤮🤮🤮🤮🤮🤮🤢🤢🤢🤢🤢🤢🤢🤢🤢🤢🤢🤢🤢🤢😵,other,unclear,1,other,complaint,1,"{""topic"": 1.0, ""intent"": 0.54, ""severity"": 0.42, ""sentiment"": 0.93}"
ec41afe1-02fb-4e30-9af7-72a439d2f1c0,severity,This is a great app for me...bt plzz provide english lyrics for songs...im a kpop fan 💜...if u show lyrics in korea i cant follow it...many users are struggling like this ...so plz consider to provide english lyrics for all songs🙏🏻..,catalog,request,1,catalog,request,2,"{""topic"": 0.94, ""intent"": 0.99, ""severity"": 0.47, ""sentiment"": 0.63, ""quote"": 0.71}"
ecea9adc-9d93-4c34-9d4c-c56d63d18ea3,topic,Am not able to open the albums since the last update.. Plz fix this,catalog,complaint,4,usability,complaint,4,"{""topic"": 0.41, ""intent"": 0.69, ""severity"": 0.9, ""sentiment"": 0.95}"
ececbaf1-b70c-4c63-b1d0-94fa9350e2cb,topic|severity,Very worst noteven songs are playing in order,usability,complaint,3,playback,complaint,4,"{""topic"": 0.74, ""intent"": 1.0, ""severity"": 0.61, ""sentiment"": 0.85}"
ed3a168c-fd0f-459d-b6ce-290848fbe9dc,topic,"The new update is very bad. I started using spotify 3 years ago. I thought it was the best app. But today it proved me wrong. Me, my friends and my family members are very angry on the new update. We all had very much realince on that app, but today I got so sad that I am not able to enjoy my weeken",other,complaint,2,usability,complaint,2,"{""topic"": 0.57, ""intent"": 0.74, ""severity"": 0.6, ""sentiment"": 0.63, ""quote"": 0.87}"
ed6a747b-c951-4628-8356-530aa9e4b465,topic,Free awesome at least with ads it is free,billing,praise,1,other,praise,1,"{""topic"": 0.42, ""intent"": 0.82, ""severity"": 0.65, ""sentiment"": 0.67}"
ed73dff6-8273-4e16-85f5-a1176eee1f2a,topic,Spotify is nice but it closes the moment I open another app 🚮,usability,complaint,4,playback,complaint,4,"{""topic"": 0.46, ""intent"": 0.97, ""severity"": 0.52, ""sentiment"": 0.84}"
ed868555-c288-4f9b-b82f-21ebb69811d0,severity,Shame on u,other,complaint,2,other,complaint,1,"{""topic"": 1.0, ""intent"": 0.68, ""severity"": 0.86, ""sentiment"": 0.69}"
edccea12-f08b-4b60-b0ce-a12d2c2eba03,severity,App makes a constant popping noise when the screen is off,playback,complaint,3,playback,complaint,2,"{""topic"": 0.99, ""intent"": 1.0, ""severity"": 0.47, ""sentiment"": 0.95}"
edeaf828-9b05-43de-a539-6147a948115d,topic,Love the playlist they give me always,usability,praise,1,catalog,praise,1,"{""topic"": 0.27, ""intent"": 1.0, ""severity"": 1.0, ""sentiment"": 0.67}"
ee316295-8a85-4ab2-b59a-28cd005bb241,severity,I use mostly for podcasts and it's very tedious. Paid version is great for music.,billing,complaint,2,billing,complaint,3,"{""topic"": 0.34, ""intent"": 0.89, ""severity"": 0.37, ""sentiment"": 0.88}"
ee42ed1c-0e65-46fb-a351-7ff8b502ff8c,topic,Seriously Spotify is not good after recent updates. Actually it is the worst now to say. Spotify if you seriously hadn't changed that and let it be it would be amazing but now you are the worst,other,complaint,2,usability,complaint,2,"{""topic"": 0.76, ""intent"": 0.99, ""severity"": 0.79, ""sentiment"": 0.79}"
eeb96edc-0ba3-425b-a49a-81a5fff1dd69,topic,I love this app it really finds my music style. Love u 😍😍😍,catalog,praise,1,other,praise,1,"{""topic"": 0.52, ""intent"": 1.0, ""severity"": 1.0, ""sentiment"": 0.98}"
eee00eba-7657-471c-b6f5-059d1e2524a2,topic,I am having to listen to more commercials about every other song than every 30 minutes as advertised.,billing,complaint,3,usability,complaint,3,"{""topic"": 0.45, ""intent"": 1.0, ""severity"": 0.8, ""sentiment"": 0.9}"
ef2115d6-5b48-41f9-bb7b-9a04e36b69c3,severity,"no me deja ver bien mi ""Spotify wrapped"" porque aparece muy rápido sin que yo lo mueva",usability,complaint,2,usability,complaint,3,"{""topic"": 0.85, ""intent"": 1.0, ""severity"": 0.45, ""sentiment"": 0.98}"
ef266403-d854-4906-bfc3-216c11195972,topic,Nice I Can listen all the songs,catalog,praise,1,playback,praise,1,"{""topic"": 0.92, ""intent"": 1.0, ""severity"": 1.0, ""sentiment"": 0.97}"
ef2b4d04-b12d-457f-a412-ace7964f470c,topic,Love access to the things I want to listen to!,catalog,praise,1,other,praise,1,"{""topic"": 0.6, ""intent"": 1.0, ""severity"": 1.0, ""sentiment"": 0.65}"
eff38708-f319-4572-83e1-57162d274234,topic,"Worst app for the songs,after the update now you can not be able to listen to your's fav song after that was played 2 time, or you can't repeat the same song at the time, many more glitch are there after the update. My suggestion don't install this app and I'm also going to uninstall this app",billing,cancellation,4,playback,cancellation,4,"{""topic"": 0.38, ""intent"": 0.97, ""severity"": 0.73, ""sentiment"": 0.95, ""quote"": 1.0}"
eff9bbe6-6db3-4720-9317-6b7c99ddcb53,topic,Good;but would like to upload some of my own music.,catalog,request,1,other,request,1,"{""topic"": 0.3, ""intent"": 0.97, ""severity"": 1.0, ""sentiment"": 0.66}"
f08b28dc-b284-4e83-94aa-ceca20de2a75,severity,"Don't install, feedup with too much add and subscription is too costly.",billing,complaint,2,billing,complaint,3,"{""topic"": 0.92, ""intent"": 0.59, ""severity"": 0.79, ""sentiment"": 0.72}"
f0aa6269-d653-4593-b480-2bd14cb5c743,severity,"It is a real disgusting, homophobic and selfish company that does not think about its users and their Facebook followers",other,complaint,2,other,complaint,1,"{""topic"": 1.0, ""intent"": 0.94, ""severity"": 0.56, ""sentiment"": 0.99}"
f126cea4-ab2f-4729-a068-6a0596206f7e,severity,"the new update makes the homepage formatting disgusting, i hate it. can't see multiple options at once. too big and claustrophobic for me. and i wish i could organize my playlists and folders on mobile the way i can on desktop.",usability,complaint,3,usability,complaint,2,"{""topic"": 1.0, ""intent"": 0.82, ""severity"": 0.42, ""sentiment"": 0.91, ""quote"": 0.84}"
f15090c9-2737-45f1-ade5-77674713ddca,intent,BEST APK FOR THE UPDATE,other,praise,1,other,unclear,1,"{""topic"": 0.98, ""intent"": 0.54, ""severity"": 1.0, ""sentiment"": 0.73}"
f186d8e7-746b-4dce-8507-cd8d6ebf561d,topic,Really enjoying the pod casts and music!,catalog,praise,1,other,praise,1,"{""topic"": 0.74, ""intent"": 1.0, ""severity"": 1.0, ""sentiment"": 0.74}"
f1a84b26-8ac1-4b73-af46-f37cd5f9575f,severity,"Lyrics not available, randomly stops playing, ads while navigating the app, ads when opening the app, and yes I pay for premium. They're constantly changing things, it's just annoying to use.",playback,complaint,4,playback,complaint,3,"{""topic"": 0.6, ""intent"": 1.0, ""severity"": 0.57, ""sentiment"": 0.74}"
f1aabc0b-c925-43a0-ba1f-076420634df9,topic,"Truly disappointing, I can't even listen to specific parts of a song now, WOW",billing,complaint,3,playback,complaint,3,"{""topic"": 0.53, ""intent"": 1.0, ""severity"": 0.4, ""sentiment"": 0.68}"
f225d684-dbd9-46dd-94ff-8b98aa47716f,severity,When i put my headphones on it immediately goes on even tho I'm not using it?,usability,complaint,2,usability,complaint,3,"{""topic"": 0.78, ""intent"": 0.65, ""severity"": 0.55, ""sentiment"": 0.64}"
f2634903-a11a-4509-9347-591331863e84,topic,The app is improving and the premium service is very good.,billing,praise,1,other,praise,1,"{""topic"": 0.65, ""intent"": 1.0, ""severity"": 1.0, ""sentiment"": 0.95}"
f2e71769-e5af-4bac-839f-2749126f7b11,topic|intent,"I used to rave about spotify. It honestly used to be a great app. I didn't mind the ads that much and it was still an enjoyable experience. Now, not so much. I feel like there's an add every two songs and you won't even get that 30 minutes of free music. And, to make it worse, you can't even play so",billing,cancellation,3,playback,complaint,3,"{""topic"": 0.46, ""intent"": 0.52, ""severity"": 0.74, ""sentiment"": 0.82, ""quote"": 0.66}"
f37bc637-d490-4ff5-a8a6-11cf6d662a59,topic,"Best music streaming app out there, I have used it on multiple different devices and all have worked well. Will continue to play in the background without freezing etc whilst my satellite navigation does its thing. Has just about every tune by every artist you can think of so is as wide-ranging in c",catalog,praise,1,other,praise,1,"{""topic"": 0.38, ""intent"": 0.86, ""severity"": 0.96, ""sentiment"": 0.88, ""quote"": 0.4}"
f4c61789-a179-439b-bbe8-4abe1a5845b6,topic,"Y only use this app for my English lesson because it's difficult to use some times a message appear ""you can use only for 14 day""",access,complaint,3,usability,complaint,3,"{""topic"": 0.34, ""intent"": 0.8, ""severity"": 0.3, ""sentiment"": 0.57}"
f4d05b96-caa7-4a7e-b9f3-14a67e2e2262,severity,تطبيق سيء يدعم الص.. ها...ينه,other,complaint,2,other,complaint,1,"{""topic"": 0.94, ""intent"": 0.76, ""severity"": 0.87, ""sentiment"": 0.56}"
f4da2c42-fd10-418c-9ec0-fcd1589c4535,topic|severity,"Have been using spotify for a while now. even though with the annoying ads and the 30 mins ad free listening which doesn't happen, I still used this platform. But removing the seek option, imposing forceful shuffle!!! I'm done with this, sorry I would have tried premium in my own time but can't tole",usability,cancellation,3,billing,cancellation,4,"{""topic"": 0.62, ""intent"": 0.68, ""severity"": 0.55, ""sentiment"": 0.76, ""quote"": 0.85}"
f51bc291-8773-43a9-9707-58e23d108d6a,topic,I'm soo soooo glad they changed the updated stuff back to normal. 😊😁🥳,other,praise,1,usability,praise,1,"{""topic"": 0.53, ""intent"": 1.0, ""severity"": 1.0, ""sentiment"": 0.91}"
f5432a9e-1668-486a-ba09-edc770b06901,severity,Don't use this app **#,other,complaint,2,other,complaint,1,"{""topic"": 1.0, ""intent"": 0.8, ""severity"": 0.91, ""sentiment"": 0.68}"
f58ab558-6a69-4bc0-8169-11461ccbcf2f,topic,It wS the best app ever for music and now they have added few update which doesn't allow even basic things,billing,complaint,3,usability,complaint,3,"{""topic"": 0.79, ""intent"": 1.0, ""severity"": 0.8, ""sentiment"": 0.77}"
f5f60ebe-3827-4893-9ff4-74e3f8075679,intent,premium ni lerha mai😏,billing,complaint,1,billing,unclear,1,"{""topic"": 0.76, ""intent"": 0.4, ""severity"": 0.32, ""sentiment"": 0.5}"
f6462dd0-09c6-48ec-b658-ce57ad65bfe6,topic|intent,Nice music and let's u add local files my favorite music streaming app,downloads,praise,1,other,request,1,"{""topic"": 0.28, ""intent"": 1.0, ""severity"": 1.0, ""sentiment"": 0.62}"
f6640d68-29b7-40a2-8842-0f9c732dafa4,topic|severity,Too many ads and glitches sometimes,usability,complaint,2,playback,complaint,3,"{""topic"": 0.76, ""intent"": 1.0, ""severity"": 0.94, ""sentiment"": 0.96}"
f679b2a6-3ba8-44a0-820d-fcb234a85257,topic,Very nice making my players mixs,other,praise,1,usability,praise,1,"{""topic"": 0.54, ""intent"": 0.99, ""severity"": 1.0, ""sentiment"": 0.89}"
f6ae9653-55f2-42da-a01c-bd497a353952,topic,The new changes to the shuffle option are both annoying and bugging. I liked being able to press shuffle on a playlist multiple times and play different songs in order to find one I want to listen to. Now it just plays the same song in that playlist. Then the enhanced shuffle is completely bugged an,usability,complaint,3,playback,complaint,3,"{""topic"": 0.98, ""intent"": 1.0, ""severity"": 0.92, ""sentiment"": 0.9, ""quote"": 0.44}"
f72d6d8c-22cb-40ea-924b-893d65a8179d,intent,It is play and hear app,other,unclear,1,other,praise,1,"{""topic"": 0.77, ""intent"": 0.51, ""severity"": 0.89, ""sentiment"": 0.58}"
f7700819-39e1-41b4-a529-02ac69334796,topic,"You know, not many people will see this but when I'm down and depressed I don't want to be forced to listen to songs on shuffle and be forced to listen to country because I'm out of skips and I was forced to have shuffle on, please make mobile Spotify as good as it is on computer and console",billing,request,3,usability,request,3,"{""topic"": 0.47, ""intent"": 0.44, ""severity"": 0.8, ""sentiment"": 0.7}"
f7702e52-dc42-4ea6-b5dc-c0970844ecc2,topic|severity,Playlist have not been functioning properly. They'll get stuck in 5 or 6 song loops instead of playing through the entire playlist. You also can't organize your liked song playlist from oldest to newest like you can on the desktop app.,usability,complaint,3,playback,complaint,4,"{""topic"": 0.85, ""intent"": 0.97, ""severity"": 0.71, ""sentiment"": 0.98, ""quote"": 0.48}"
f7f27a3e-bc45-4ab1-938b-ca5a60d81e23,intent|severity,"I'm very frustrated. All of a sudden I'm getting ""True Crime podcast recommendations"" whenever I open the app. I don't want and never asked for little pop ups advertising content. How do I turn that off?",usability,request,2,usability,complaint,3,"{""topic"": 0.75, ""intent"": 0.55, ""severity"": 0.39, ""sentiment"": 0.97, ""quote"": 0.81}"
f85609d7-6bc1-41ad-b4ca-219c792fb264,topic,I hate this app so much I can't listen to the actual son it plays recommend songs that I didn't add and it sucks please fix this or get rid of this🙏🏼🙏🏼🙏🏼,usability,complaint,3,playback,complaint,3,"{""topic"": 0.34, ""intent"": 0.47, ""severity"": 0.5, ""sentiment"": 0.97}"
f865e513-c097-4ffa-9730-4b6309087f7a,intent,"When i search ""BELUPACITO"" and i like it",catalog,praise,1,catalog,unclear,1,"{""topic"": 0.85, ""intent"": 0.52, ""severity"": 0.94, ""sentiment"": 0.81}"
f87a76ff-c950-4211-8429-88d12b14f6eb,intent,"Autoplay malfunctioning, I either have to restart or skip to the next song. Please fix!",playback,request,3,playback,complaint,3,"{""topic"": 0.77, ""intent"": 0.41, ""severity"": 0.9, ""sentiment"": 0.96}"
f8a38825-c194-41f0-917a-de459a94de3d,topic,"I hate the new update, it's suck.when I want listen my playlist song some random song popup from nowhere.spotify please fix this thing!!!",usability,complaint,3,playback,complaint,3,"{""topic"": 0.86, ""intent"": 0.89, ""severity"": 0.84, ""sentiment"": 0.75}"
f8aae015-92eb-4e14-b99e-a50580856033,topic,Spotify is a very user-friendly app with simple UIs — for music enjoyers. I personally do have a Premium subscription ongoing because I prefer a smooth & unbothered experience to listen to my music (and also the Offline feature when I go somewhere with a weak signal and need a quick music time) thou,other,praise,1,usability,praise,1,"{""topic"": 0.67, ""intent"": 1.0, ""severity"": 0.97, ""sentiment"": 0.91, ""quote"": 0.28}"
f941298d-e587-439f-8200-c7d39badc97e,severity,"Having so much trouble with the Higher Learning pod, it's ridiculous. I have a lot of problems with the app not working. It's probably the best app of it's kind still but goddamn is it buggy",playback,complaint,3,playback,complaint,4,"{""topic"": 0.69, ""intent"": 1.0, ""severity"": 0.71, ""sentiment"": 0.57}"
f9631565-0bd0-48b9-b197-4b965fcd263b,topic,I love the quality of music this app provides as well as the podcasts are really great and it's a great music app,other,praise,1,catalog,praise,1,"{""topic"": 0.37, ""intent"": 1.0, ""severity"": 1.0, ""sentiment"": 0.92}"
f969ebe3-62d6-42a2-b837-e5117664a6cb,severity,I would love to give 5 stars but... no matter how many times I logged out... I still have to uninstall to get it to stop playing in the background,playback,complaint,3,playback,complaint,4,"{""topic"": 0.55, ""intent"": 0.99, ""severity"": 0.39, ""sentiment"": 0.71}"
f97f544c-d6b7-48a7-a1c2-351f5ee1bc2f,topic|intent,"Wanna break from the ads? If you tap now to watch a short video, you'll receive 30 minutes of ad-free music.",other,request,1,usability,unclear,1,"{""topic"": 0.38, ""intent"": 0.68, ""severity"": 0.99, ""sentiment"": 0.56}"
f99de2ef-5f00-4616-b9df-8d6afb41744d,severity,bring back the continuous radio! want to listen music without interruption!,usability,request,2,usability,request,3,"{""topic"": 0.7, ""intent"": 0.96, ""severity"": 0.25, ""sentiment"": 0.89}"
f9e8fb94-9fd1-456d-a3f0-579aef291dc0,topic,"End of Spotify begins with latest update, no ability to go to previous is also fine, but It won't even play a music from a Album we have selected??? Spotify is being too greedy, Any alternate compitition will start rising, & after a year no one will remember what Spotify was...",billing,complaint,4,playback,complaint,4,"{""topic"": 0.49, ""intent"": 0.86, ""severity"": 0.7, ""sentiment"": 0.99, ""quote"": 1.0}"
fa9c5881-285a-4f3a-9704-b296ac5d8e10,severity,"All people in Arab world wanna to know why u deleted the song of ""Anna dami falasstini"" pooooooooooooor Spotify 😂🤬🤬",catalog,complaint,3,catalog,complaint,2,"{""topic"": 0.99, ""intent"": 0.95, ""severity"": 0.37, ""sentiment"": 0.81}"
fabe4b5a-4492-47dc-a10a-eae49ac05a20,topic,Basically removed the most basic features from this new update!! I can't even choose what song I want to play anymore and it's stupid.,billing,complaint,4,usability,complaint,4,"{""topic"": 0.5, ""intent"": 1.0, ""severity"": 0.4, ""sentiment"": 0.77}"
fac71d32-4f1e-45c4-bf6a-a0c4bb539066,severity,When I off mu phone the music automatically getting off,playback,complaint,3,playback,complaint,4,"{""topic"": 0.91, ""intent"": 0.99, ""severity"": 0.46, ""sentiment"": 0.93}"
fb18c851-054e-4611-95fb-c4db590fa2de,severity,I know you want people to buy subscriptions but this is not the way you force people to buy,billing,complaint,2,billing,complaint,3,"{""topic"": 0.98, ""intent"": 0.85, ""severity"": 0.45, ""sentiment"": 0.94}"
fb428131-32b6-4548-a9cb-5213d9a65b8e,severity,Spotify ❌ Addify✅,other,cancellation,2,other,cancellation,1,"{""topic"": 0.97, ""intent"": 0.5, ""severity"": 0.79, ""sentiment"": 0.64}"
fb99c7aa-f4ce-42b0-becb-f9ca6e5bddbc,severity,I just want to skip songs for free😭😭,billing,request,2,billing,request,3,"{""topic"": 0.69, ""intent"": 0.62, ""severity"": 0.33, ""sentiment"": 0.91}"
fc0f83b2-cc7e-4a85-afed-6da5d06f626b,severity,Please make sure that the app work's fast,playback,request,1,playback,request,2,"{""topic"": 0.69, ""intent"": 0.99, ""severity"": 0.76, ""sentiment"": 0.81}"
fc4808e0-c8b3-47a3-ab0f-21de648a29df,topic,I really love this site. Can find the exact song or album I want. All my music is saved and available on any devise.,catalog,praise,1,downloads,praise,1,"{""topic"": 0.53, ""intent"": 1.0, ""severity"": 1.0, ""sentiment"": 0.93}"
fc59a67c-7a14-4ad6-902c-ea9456e53997,severity,You better know what mistake u did and fix 🙂,other,complaint,2,other,complaint,1,"{""topic"": 0.9, ""intent"": 0.4, ""severity"": 0.44, ""sentiment"": 0.79}"
fce4d416-5e04-4237-88eb-1d743009f04a,topic,"I just wanna go back to the old Spotify I don't want anything ""innovative"" #revertTheUpdate",other,request,2,usability,request,2,"{""topic"": 0.33, ""intent"": 0.49, ""severity"": 0.5, ""sentiment"": 0.7}"
fd122b3f-b5b7-4b88-b649-9bd6bafeaab2,severity,"Edit: happened again, lowering to 1-star-- I love listening to music on this app but as a paid user it's pretty aggravating to get on and have a pop-up telling me to vote in the upcoming election?? First of all, pop-ups should be optional for paid users- news flash: WE DONT LIKE THEM! And second, C'",usability,complaint,3,usability,complaint,2,"{""topic"": 0.53, ""intent"": 0.86, ""severity"": 0.47, ""sentiment"": 0.64, ""quote"": 0.95}"
fd665d52-6e00-41cc-9b07-e832bc2d7a1d,topic,App is not allowing to search. Showing no internet connection. Although the internet is smooth working. Only we can play the songs listed on home page. I reinstalled multiple times but same is happening,catalog,complaint,4,playback,complaint,4,"{""topic"": 0.52, ""intent"": 1.0, ""severity"": 0.95, ""sentiment"": 0.79, ""quote"": 0.91}"
fdd48e6e-7f9c-4412-b06f-719530580ec8,topic|severity,"New updated is trash, nothing but bug problems. Please fix it or I'm canceling it cuz is getting on my nerves and I've been a spotify customer for 3 years now",other,cancellation,4,playback,cancellation,3,"{""topic"": 0.35, ""intent"": 0.84, ""severity"": 0.3, ""sentiment"": 0.85}"
fe137799-8647-4718-b403-30b3fab9f94e,topic,It was definitely a 5 few months back but now after the update when I try to take my song from (for eg)0:30 to 1:20 it doesn't work. I can only play or pause the song. Saadddddd,usability,complaint,3,playback,complaint,3,"{""topic"": 0.74, ""intent"": 1.0, ""severity"": 0.8, ""sentiment"": 0.91}"
fe2f0b5c-7bd3-4ee8-9da6-d4d6e39fd055,topic,The music and quality of it is amazing but you guys give what is called an averaging rating application without premium it is to restricting such as now with the new update I am unable to select specific songs to play and also trying to back track the song is a problem as it's not possible anymore. ,usability,complaint,3,billing,complaint,3,"{""topic"": 0.94, ""intent"": 1.0, ""severity"": 0.56, ""sentiment"": 0.79, ""quote"": 1.0}"
fe93ef42-6895-4e2f-a0eb-aef48c7302c9,topic,"If I don't go premium , I can't fully enjoy listening to my liked songs even if I'd pressed the shuffle play of my liked songs repeatedly. Aside from that, I think the app is creative about making the 2022 album. I have a bug in spotify, when I searched up any songs it does give me recommendations a",billing,complaint,4,playback,complaint,4,"{""topic"": 0.5, ""intent"": 0.82, ""severity"": 0.69, ""sentiment"": 0.64, ""quote"": 0.31}"
feb9111e-9bf9-4ebf-85b5-2a42e7245773,topic,Gives good suggestions and I can listen easily... overall a good app,other,praise,1,catalog,praise,1,"{""topic"": 0.43, ""intent"": 1.0, ""severity"": 1.0, ""sentiment"": 0.98}"
febbaff6-3290-42c6-9b2f-831f3e6c84ea,topic,This app is very good listen in music I like this quality of music and trend music is free I hope adds problem are done in Spotify this app poadcasts are good 👍👍👍,catalog,praise,1,other,praise,1,"{""topic"": 0.41, ""intent"": 0.77, ""severity"": 0.45, ""sentiment"": 0.77}"
ff3682db-e376-4cf5-aefa-3e7bc2f663ea,severity,It dont suggest or recommend good songs as what we are listening to it doesn't play the songs we are interesting in. And we can't play next song from the quoe as it take subscription. Worst song app ever be maded in the world.,billing,complaint,4,billing,complaint,3,"{""topic"": 0.6, ""intent"": 1.0, ""severity"": 0.54, ""sentiment"": 0.97, ""quote"": 0.35}"
ff3d4af0-bfb8-4384-a94d-53ed2f453bbb,topic,"I can't access my playlists, there's no repeat option, it plays music's I never select... It's impossible to enjoy this app! I want to listen my favourite music and not music select by someone else!",usability,complaint,4,playback,complaint,4,"{""topic"": 0.67, ""intent"": 1.0, ""severity"": 0.71, ""sentiment"": 0.89}"
ff863012-cdf6-4c06-a6c6-db12f4a0e38e,severity,no adds,usability,request,1,usability,request,2,"{""topic"": 0.63, ""intent"": 0.76, ""severity"": 0.39, ""sentiment"": 0.24}"
ff987d5d-952f-4dc3-922f-b281e6369544,severity,Very bad .won't let me play untile I get upgrade to premium another scam app .only money this is what they looking for.,billing,complaint,3,billing,complaint,4,"{""topic"": 0.98, ""intent"": 0.99, ""severity"": 0.6, ""sentiment"": 0.99}"
ffa16fbb-b490-4714-adab-d7275c135f05,topic,it has all of my favortite song and it helps me focus,other,praise,1,catalog,praise,1,"{""topic"": 0.81, ""intent"": 1.0, ""severity"": 1.0, ""sentiment"": 0.84}"
ffb4a67b-1b6c-49bf-853e-137f103e782e,severity,so disgusting... 5 mins of song listening and 30 mins of ads listening,usability,complaint,2,usability,complaint,3,"{""topic"": 0.74, ""intent"": 1.0, ""severity"": 0.45, ""sentiment"": 0.98}"
ffbd0b0c-4321-40ad-95d9-991e42f20db7,topic,Music shouldn't be disturbed and also when i make my playlist i hate when it adds random songs FIX THIS SPOTIFY an 2 because sometimes the music is good,usability,complaint,3,playback,complaint,3,"{""topic"": 0.82, ""intent"": 0.87, ""severity"": 0.7, ""sentiment"": 0.61}"
